Year,Country Name,Population
2012,Afghanistan,31161376.0
2000,Albania,3089027.0
2011,Albania,2905195.0
2010,Algeria,35977455.0
2018,American Samoa,55465.0
2015,American Samoa,55812.0
2014,American Samoa,55791.0
2011,American Samoa,55759.0
2013,American Samoa,55713.0
2018,Andorra,77006.0
2000,Angola,16395473.0
2017,Angola,29816748.0
2016,Angola,28842484.0
2011,Angola,24220661.0
2017,Argentina,44044811.0
2010,Argentina,40788453.0
2013,Argentina,42202935.0
1990,Armenia,3538171.0
2015,Armenia,2925553.0
2017,Armenia,2944809.0
2012,Armenia,2884229.0
2000,Aruba,90853.0
2017,Aruba,105366.0
2010,Australia,22031750.0
1990,Austria,7677850.0
2018,Austria,8847037.0
2011,Austria,8391643.0
2012,Austria,8429991.0
2015,Azerbaijan,9649341.0
2017,Azerbaijan,9854033.0
2010,Azerbaijan,9054332.0
2013,Azerbaijan,9416801.0
2013,"Bahamas, The",367168.0
2017,Bahrain,1494074.0
2016,Bahrain,1425791.0
2018,Bangladesh,161356039.0
2015,Bangladesh,156256276.0
2017,Bangladesh,159670593.0
2014,Barbados,284825.0
2017,Barbados,286233.0
2010,Barbados,282131.0
2012,Barbados,283700.0
2012,Belarus,9464495.0
2017,Belgium,11375158.0
2013,Belgium,11159407.0
2017,Belize,375769.0
2010,Benin,9199259.0
2012,Benin,9729248.0
2018,Bermuda,63968.0
2017,Bermuda,63874.0
2011,Bermuda,64564.0
2014,Bhutan,719056.0
2016,Bhutan,736709.0
2010,Bhutan,685503.0
2018,Bolivia,11353142.0
2012,Bolivia,10377676.0
2016,Bosnia and Herzegovina,3386267.0
2013,Brazil,201035903.0
2012,Brazil,199287296.0
2011,British Virgin Islands,28319.0
2010,Brunei Darussalam,388646.0
2012,Brunei Darussalam,398989.0
2016,Bulgaria,7127822.0
2012,Bulgaria,7305888.0
1990,Burundi,5438957.0
2014,Burundi,9844297.0
2017,Burundi,10827024.0
2000,Cabo Verde,428188.0
2015,Cabo Verde,524743.0
2014,Cabo Verde,518269.0
2016,Cabo Verde,531146.0
2016,Cambodia,15766293.0
1990,Cameroon,11780088.0
2013,Cameroon,22077298.0
2015,Canada,35702908.0
2010,Canada,34004889.0
2013,Canada,35082954.0
2015,Cayman Islands,61724.0
2018,Central African Republic,4666377.0
2015,Chad,14110975.0
2013,Chad,13220424.0
2000,Channel Islands,148443.0
2018,Channel Islands,170499.0
2016,Channel Islands,166923.0
2018,Chile,18729160.0
2015,Chile,17969353.0
2012,Chile,17400347.0
1990,China,1135185000.0
2017,China,1386395000.0
2016,China,1378665000.0
2011,China,1344130000.0
2013,Colombia,46497267.0
1990,Comoros,411594.0
2013,Comoros,741505.0
2018,"Congo, Dem. Rep.",84068091.0
2014,"Congo, Dem. Rep.",73767447.0
1990,"Congo, Rep.",2356737.0
2015,"Congo, Rep.",4856095.0
2017,"Congo, Rep.",5110702.0
2016,"Congo, Rep.",4980999.0
2012,"Congo, Rep.",4510198.0
2013,Costa Rica,4742107.0
2000,Cote d'Ivoire,16454668.0
2018,Cote d'Ivoire,25069229.0
2012,Cote d'Ivoire,21547188.0
2000,Croatia,4468302.0
2016,Croatia,4174349.0
2014,Cuba,11306902.0
2017,Cuba,11339259.0
2010,Cuba,11225832.0
2012,Cuba,11257101.0
2017,Cyprus,1179680.0
2011,Cyprus,1124833.0
2000,Czech Republic,10255063.0
2014,Czech Republic,10525347.0
2017,Czech Republic,10594438.0
2016,Czech Republic,10566332.0
2011,Czech Republic,10496088.0
2013,Czech Republic,10514272.0
2012,Czech Republic,10510785.0
2000,Denmark,5339616.0
2016,Denmark,5728010.0
2011,Denmark,5570572.0
2012,Denmark,5591572.0
2018,Djibouti,958920.0
2013,Djibouti,883293.0
1990,Dominica,70419.0
2017,Dominica,71458.0
1990,Dominican Republic,7133494.0
2014,Dominican Republic,10165178.0
2018,Ecuador,17084357.0
2013,Ecuador,15707474.0
2012,Ecuador,15474102.0
2014,"Egypt, Arab Rep.",90424654.0
2010,"Egypt, Arab Rep.",82761235.0
2013,"Egypt, Arab Rep.",88404640.0
2012,"Egypt, Arab Rep.",86422240.0
2014,El Salvador,6295128.0
2012,El Salvador,6237923.0
2000,Equatorial Guinea,606181.0
2016,Equatorial Guinea,1215179.0
1990,Eritrea,2258653.0
2000,Estonia,1396985.0
2017,Estonia,1317384.0
2011,Eswatini,1072032.0
2011,Ethiopia,90139927.0
2000,Faroe Islands,46735.0
2010,Faroe Islands,47814.0
2012,Fiji,865069.0
2000,Finland,5176209.0
2012,Finland,5413971.0
2000,France,60912500.0
2018,France,66987244.0
2015,France,66593366.0
2011,France,65342780.0
2013,France,65998687.0
2017,French Polynesia,276103.0
2013,French Polynesia,270328.0
2000,Gabon,1228360.0
2015,Gabon,1947686.0
2017,Gabon,2064823.0
2011,Gabon,1684635.0
2013,Gabon,1817071.0
2000,Georgia,4077131.0
2016,Georgia,3727505.0
2011,Georgia,3756441.0
2012,Georgia,3728874.0
1990,Germany,79433029.0
2015,Germany,81686611.0
2017,Germany,82657002.0
2015,Ghana,27849205.0
2014,Ghana,27224472.0
2018,Gibraltar,33718.0
2015,Gibraltar,33736.0
2015,Greece,10820883.0
2014,Greece,10892413.0
2011,Greenland,56890.0
2012,Greenland,56810.0
2016,Grenada,110261.0
2014,Guam,161016.0
2014,Guatemala,15923243.0
2016,Guinea,11738441.0
2010,Guinea,10192176.0
2018,Guinea-Bissau,1874309.0
2014,Guinea-Bissau,1692439.0
2017,Guyana,775221.0
2016,Guyana,771366.0
2011,Guyana,752028.0
1990,Haiti,7037917.0
2018,Haiti,11123176.0
2013,Honduras,8798521.0
2012,Honduras,8640691.0
2000,"Hong Kong SAR, China",6665000.0
2014,"Hong Kong SAR, China",7229500.0
2017,"Hong Kong SAR, China",7391700.0
2012,"Hong Kong SAR, China",7150100.0
1990,Hungary,10373988.0
1990,Iceland,254826.0
2014,Iceland,327386.0
2011,Iceland,319014.0
2010,Iceland,318041.0
2015,India,1310152403.0
2014,India,1295604184.0
2013,India,1280846129.0
2012,India,1265782790.0
2010,"Iran, Islamic Rep.",73762519.0
2011,Iraq,30725300.0
2013,Iraq,33157050.0
2016,Ireland,4755335.0
2010,Ireland,4560155.0
2017,Italy,60536709.0
2011,Italy,59379449.0
2010,Italy,59277417.0
2015,Jamaica,2891021.0
2013,Jamaica,2858709.0
2010,Japan,128070000.0
1990,Jordan,3565890.0
2000,Kazakhstan,14883626.0
2012,Kazakhstan,16792089.0
1990,Kenya,23724579.0
2016,Kenya,49051686.0
2013,Kenya,45519889.0
2016,Kiribati,112524.0
2014,"Korea, Dem. People’s Rep.",25057752.0
2017,"Korea, Dem. People’s Rep.",25429985.0
2016,"Korea, Dem. People’s Rep.",25307744.0
1990,"Korea, Rep.",42869283.0
2011,"Korea, Rep.",49936638.0
2010,"Korea, Rep.",49554112.0
2012,"Korea, Rep.",50199853.0
2018,Kuwait,4137309.0
2000,Kyrgyz Republic,4898400.0
2015,Kyrgyz Republic,5956900.0
2018,Lao PDR,7061507.0
2018,Latvia,1926542.0
2010,Lebanon,4953061.0
2013,Lebanon,5914621.0
2014,Lesotho,2043437.0
2018,Liberia,4818977.0
2015,Liberia,4472230.0
2014,Liberia,4359505.0
2017,Liberia,4702228.0
2013,Liberia,4248334.0
2012,Liberia,4135659.0
1990,Libya,4436661.0
2016,Libya,6492164.0
2012,Libya,6285750.0
2000,Liechtenstein,33184.0
2015,Lithuania,2904910.0
2017,Lithuania,2828403.0
2000,Luxembourg,436300.0
2017,Luxembourg,596336.0
2016,Luxembourg,582014.0
2010,Luxembourg,506953.0
2012,Luxembourg,530946.0
2011,"Macao SAR, China",550832.0
2013,"Macao SAR, China",577372.0
2018,Madagascar,26262368.0
2014,Madagascar,23589887.0
2016,Madagascar,24894380.0
2010,Madagascar,21151640.0
2014,Malawi,16289540.0
2017,Malawi,17670260.0
2018,Malaysia,31528585.0
2017,Malaysia,31105028.0
2011,Malaysia,28650955.0
2018,Maldives,515696.0
2015,Maldives,454915.0
1990,Mali,8449913.0
2014,Mali,16934220.0
2011,Mali,15514591.0
2000,Marshall Islands,50753.0
2015,Marshall Islands,57439.0
2011,Marshall Islands,56531.0
2014,Mauritania,3930896.0
2016,Mauritania,4163534.0
2011,Mauritania,3598648.0
2012,Mauritania,3706554.0
2018,Mauritius,1265303.0
1990,"Micronesia, Fed. Sts.",96301.0
2000,"Micronesia, Fed. Sts.",107402.0
2011,"Micronesia, Fed. Sts.",103450.0
2013,"Micronesia, Fed. Sts.",105926.0
1990,Moldova,3696000.0
2013,Moldova,3558566.0
2000,Monaco,32147.0
2010,Mongolia,2719896.0
2013,Mongolia,2881792.0
2000,Montenegro,604950.0
2011,Montenegro,620079.0
2013,Montenegro,621207.0
2000,Morocco,28793679.0
2018,Morocco,36029138.0
2010,Mozambique,23531574.0
2018,Nauru,12704.0
2017,Nauru,12876.0
2013,Nauru,10821.0
2015,Nepal,27015031.0
2000,Netherlands,15925513.0
2018,Netherlands,17231017.0
2015,Netherlands,16939923.0
2000,New Caledonia,213230.0
2015,New Zealand,4595700.0
2013,New Zealand,4442100.0
1990,Niger,8026591.0
2014,Niger,19240157.0
2011,Niger,17114761.0
2013,Niger,18504255.0
2000,Nigeria,122283850.0
2015,Nigeria,181137448.0
2011,Nigeria,162805071.0
2018,North Macedonia,2082958.0
2010,North Macedonia,2070741.0
1990,Northern Mariana Islands,45752.0
2018,Northern Mariana Islands,56882.0
2016,Northern Mariana Islands,56188.0
1990,Norway,4241473.0
2014,Norway,5137232.0
2017,Norway,5276968.0
2010,Norway,4889252.0
1990,Oman,1812161.0
2015,Oman,4267348.0
2017,Oman,4665935.0
2010,Pakistan,179424641.0
2013,Pakistan,191262919.0
2015,Palau,17665.0
2017,Panama,4106771.0
2013,Panama,3835437.0
2012,Panama,3770624.0
2016,Papua New Guinea,8271760.0
2012,Papua New Guinea,7631002.0
2016,Paraguay,6777872.0
2013,Paraguay,6510276.0
2014,Peru,30090359.0
2017,Peru,31444297.0
2000,Poland,38258629.0
2017,Poland,37974826.0
2010,Poland,38042794.0
2013,Poland,38040196.0
2012,Poland,38063164.0
1990,Portugal,9983218.0
2011,Portugal,10557560.0
2012,Portugal,10514844.0
2010,Puerto Rico,3721525.0
2012,Puerto Rico,3634488.0
2000,Qatar,592468.0
2017,Qatar,2724724.0
2000,Romania,22442971.0
2016,Romania,19702332.0
1990,Russian Federation,148292000.0
2018,Russian Federation,144478050.0
2017,Russian Federation,144496740.0
2010,Russian Federation,142849449.0
2013,Russian Federation,143506911.0
1990,Rwanda,7288882.0
2016,Rwanda,11668818.0
2013,Rwanda,10811543.0
2014,Sao Tome and Principe,195727.0
2012,Sao Tome and Principe,188404.0
2014,Saudi Arabia,30916994.0
1990,Senegal,7526307.0
2013,Senegal,13782420.0
2012,Senegal,13401991.0
2000,Serbia,7516346.0
2018,Seychelles,96762.0
2016,Seychelles,94677.0
2011,Seychelles,87441.0
2013,Seychelles,89949.0
2016,Sierra Leone,7328838.0
2011,Sierra Leone,6563240.0
2015,Singapore,5535002.0
2010,Singapore,5076732.0
2016,Sint Maarten (Dutch part),39969.0
1990,Slovak Republic,5299187.0
2013,Slovak Republic,5413393.0
2012,Solomon Islands,556064.0
2000,Somalia,8872254.0
2016,Somalia,14185613.0
2013,South Africa,53689236.0
2015,South Sudan,10715658.0
2014,South Sudan,10554883.0
2010,South Sudan,9508364.0
2000,Spain,40567864.0
2015,Spain,46444832.0
2017,Spain,46593236.0
2014,Sri Lanka,20778000.0
2011,St. Kitts and Nevis,49447.0
2013,St. Kitts and Nevis,50331.0
2012,St. Kitts and Nevis,49887.0
2016,St. Vincent and the Grenadines,109459.0
2011,Sudan,35349681.0
2012,Sudan,36193783.0
1990,Suriname,405168.0
2018,Suriname,575991.0
2015,Suriname,559143.0
2017,Suriname,570496.0
2016,Suriname,564888.0
2011,Suriname,535179.0
2013,Switzerland,8089346.0
2018,Syrian Arab Republic,16906283.0
2015,Syrian Arab Republic,17997408.0
1990,Tajikistan,5283814.0
2016,Tajikistan,8663579.0
2010,Tajikistan,7527394.0
2012,Tajikistan,7874835.0
2015,Tanzania,51482633.0
2011,Tanzania,45673338.0
2018,Thailand,69428524.0
2017,Thailand,69209858.0
2015,Timor-Leste,1196302.0
2016,Timor-Leste,1219288.0
2018,Togo,7889094.0
2010,Togo,6421679.0
1990,Tonga,95069.0
2015,Tonga,100781.0
2014,Tonga,101028.0
2010,Tonga,103986.0
2016,Trinidad and Tobago,1377564.0
2011,Trinidad and Tobago,1336178.0
2013,Trinidad and Tobago,1353700.0
2015,Turkey,78529409.0
2017,Turkey,81101892.0
2013,Turkmenistan,5366375.0
1990,Turks and Caicos Islands,12111.0
2011,Turks and Caicos Islands,33377.0
2013,Tuvalu,10857.0
2000,Ukraine,49175848.0
1990,United Arab Emirates,1828432.0
2018,United Arab Emirates,9630959.0
2016,United Arab Emirates,9360980.0
2000,United Kingdom,58892514.0
2013,United Kingdom,64128226.0
2012,United Kingdom,63700300.0
2014,United States,318386421.0
2017,United States,325147121.0
2016,United States,323071342.0
2011,United States,311580009.0
2010,United States,309326085.0
2013,United States,316057727.0
2012,United States,313874218.0
2018,Uruguay,3449299.0
2015,Uruguay,3412009.0
2017,Uruguay,3436646.0
2011,Uruguay,3368934.0
2010,Uruguay,3359275.0
2018,Uzbekistan,32955400.0
2015,Uzbekistan,31298900.0
2017,Uzbekistan,32388600.0
2016,Uzbekistan,31847900.0
2010,Uzbekistan,28562400.0
2012,Uzbekistan,29774500.0
2000,Vanuatu,184972.0
2015,Vanuatu,271130.0
2014,Vanuatu,263888.0
2011,Vanuatu,242653.0
2013,"Venezuela, RB",29783571.0
1990,"Yemen, Rep.",11709993.0
2018,Zambia,17351822.0
2017,Zambia,16853688.0
2013,Zambia,14926504.0
2012,Zambia,14465121.0
2013,Zimbabwe,13350356.0
1990,Arab World,222653373.0
2012,Arab World,371443547.0
1990,Caribbean small states,6009251.0
2018,Caribbean small states,7358965.0
2016,Caribbean small states,7269386.0
2015,Early-demographic dividend,3122841922.0
2014,Early-demographic dividend,3080325473.0
2016,Early-demographic dividend,3165142287.0
2011,Early-demographic dividend,2951856336.0
2018,East Asia & Pacific,2328220870.0
2017,East Asia & Pacific,2314202003.0
2015,East Asia & Pacific (excluding high income),2038202511.0
2014,East Asia & Pacific (excluding high income),2023609315.0
2015,East Asia & Pacific (IDA & IBRD countries),2012980531.0
2010,East Asia & Pacific (IDA & IBRD countries),1941377349.0
2012,East Asia & Pacific (IDA & IBRD countries),1969562739.0
2012,Euro area,336159194.0
2015,Europe & Central Asia (excluding high income),410844329.0
2016,Europe & Central Asia (excluding high income),413361214.0
2011,Europe & Central Asia (excluding high income),401012737.0
2010,Europe & Central Asia (excluding high income),398783138.0
2013,Europe & Central Asia (excluding high income),405778196.0
1990,European Union,477725565.0
2000,European Union,488221138.0
2015,European Union,509717579.0
2017,European Union,512191098.0
2016,European Union,511218529.0
2011,Fragile and conflict affected situations,440218679.0
2015,High income,1191326855.0
2016,High income,1198350350.0
2011,High income,1163335501.0
2010,High income,1157826206.0
2012,High income,1170223344.0
2017,IBRD only,4731120193.0
2018,IDA & IBRD total,6412522234.0
2013,IDA & IBRD total,6022137210.0
1990,IDA blend,284376771.0
2013,IDA blend,496066901.0
2012,IDA blend,484720757.0
2011,IDA only,929608108.0
2010,IDA only,909297080.0
2013,IDA only,971002495.0
1990,IDA total,839244170.0
2014,IDA total,1500007196.0
2012,IDA total,1434852009.0
1990,Late-demographic dividend,1849526605.0
2011,Latin America & Caribbean,596966199.0
2017,Latin America & Caribbean (excluding high income),603254104.0
1990,Latin America & the Caribbean (IDA & IBRD countries),426991606.0
2011,Latin America & the Caribbean (IDA & IBRD countries),580856609.0
2000,Low & middle income,5037268787.0
2015,Low income,653405207.0
2014,Low income,637350644.0
2017,Low income,687449530.0
2018,Lower middle income,3022905169.0
2016,Lower middle income,2939830821.0
2010,Lower middle income,2688436551.0
2018,Middle East & North Africa,448912859.0
2015,Middle East & North Africa,425821770.0
2016,Middle East & North Africa (excluding high income),370276461.0
2010,Middle East & North Africa (excluding high income),332777824.0
1990,Middle East & North Africa (IDA & IBRD countries),224280789.0
2010,Middle East & North Africa (IDA & IBRD countries),328991663.0
2012,Middle income,5309856949.0
2016,North America,359245384.0
2013,North America,351205682.0
2012,North America,348653238.0
1990,OECD members,1071033942.0
2014,OECD members,1272282569.0
2016,Other small states,29542879.0
2017,Pacific island small states,2422086.0
2016,Pacific island small states,2388307.0
1990,Post-demographic dividend,964233474.0
2015,Post-demographic dividend,1097025299.0
2014,Post-demographic dividend,1092096206.0
2011,Post-demographic dividend,1077838624.0
2012,Post-demographic dividend,1082370705.0
1990,Small states,25134362.0
2012,Small states,36568692.0
2010,South Asia,1638792934.0
2012,South Asia,1683747130.0
2014,South Asia (IDA & IBRD),1727640967.0
2016,South Asia (IDA & IBRD),1771167194.0
2013,South Asia (IDA & IBRD),1705772050.0
1990,Sub-Saharan Africa,509451851.0
2015,Sub-Saharan Africa,995458478.0
2017,Sub-Saharan Africa (excluding high income),1050057829.0
2011,Sub-Saharan Africa (excluding high income),892958731.0
2000,Sub-Saharan Africa (IDA & IBRD countries),665327581.0
2014,Sub-Saharan Africa (IDA & IBRD countries),968959787.0
2016,Sub-Saharan Africa (IDA & IBRD countries),1022526541.0
2013,Sub-Saharan Africa (IDA & IBRD countries),943041070.0
2014,Upper middle income,2577855859.0
2011,Upper middle income,2518197739.0
2015,World,7340548192.0
2014,World,7255653881.0
2012,World,7086993625.0
2016,Afghanistan,35383128.0
2012,Albania,2900401.0
2014,Algeria,38923687.0
2013,Algeria,38140132.0
2010,American Samoa,56079.0
2012,American Samoa,55667.0
2000,Andorra,65390.0
2014,Andorra,79213.0
2016,Andorra,77297.0
2011,Andorra,83747.0
1990,Angola,11848386.0
1990,Antigua and Barbuda,62528.0
2014,Antigua and Barbuda,92562.0
2012,Antigua and Barbuda,90409.0
1990,Argentina,32618651.0
2018,Argentina,44494502.0
2018,Armenia,2951776.0
2011,Aruba,102046.0
2018,Australia,24992369.0
2017,Australia,24601860.0
2016,Australia,24190907.0
1990,Azerbaijan,7159000.0
2014,Azerbaijan,9535079.0
2016,Azerbaijan,9757812.0
2011,Azerbaijan,9173082.0
2000,"Bahamas, The",298051.0
2014,"Bahamas, The",370633.0
2010,Bahrain,1240860.0
2000,Bangladesh,127657854.0
2012,Bangladesh,151007807.0
2015,Barbados,285324.0
2016,Barbados,285796.0
2011,Barbados,282987.0
2018,Belgium,11422068.0
2012,Belgium,11106932.0
1990,Belize,187552.0
2014,Belize,353366.0
2016,Belize,368400.0
2011,Belize,330237.0
2000,Benin,6865951.0
2015,Benin,10575952.0
1990,Bhutan,530804.0
2015,Bolivia,10869730.0
2016,Bolivia,11031813.0
2018,Bosnia and Herzegovina,3323929.0
2011,Bosnia and Herzegovina,3661175.0
1990,Botswana,1286756.0
2000,Botswana,1643334.0
2011,Botswana,2015402.0
2017,Brazil,207833831.0
2014,British Virgin Islands,28989.0
1990,Brunei Darussalam,258721.0
2000,Brunei Darussalam,333165.0
2017,Brunei Darussalam,424473.0
1990,Burkina Faso,8811034.0
2018,Burkina Faso,19751535.0
2014,Burkina Faso,17586017.0
2012,Burkina Faso,16571246.0
2015,Burundi,10160030.0
2010,Burundi,8675602.0
2013,Burundi,9540289.0
2012,Burundi,9245988.0
2017,Cabo Verde,537497.0
2010,Cabo Verde,492654.0
2012,Cabo Verde,505235.0
2017,Cameroon,24566045.0
2012,Cameroon,21485266.0
2018,Canada,37058856.0
2011,Canada,34339328.0
1990,Cayman Islands,25312.0
2018,Cayman Islands,64174.0
2010,Cayman Islands,56672.0
2013,Cayman Islands,59932.0
1990,Central African Republic,2806734.0
2000,Central African Republic,3640427.0
2011,Central African Republic,4418636.0
2014,Chad,13663559.0
2012,Chad,12784750.0
1990,Channel Islands,140671.0
2015,Channel Islands,165385.0
2017,Channel Islands,168665.0
1990,Chile,13274623.0
2016,Chile,18209068.0
2010,Chile,17062536.0
2018,China,1392730000.0
2000,Colombia,39629968.0
2017,Colombia,48901066.0
2011,Colombia,45663099.0
2016,Comoros,795592.0
2011,Comoros,706569.0
2015,"Congo, Dem. Rep.",76244544.0
2012,"Congo, Dem. Rep.",69020747.0
2010,"Congo, Rep.",4273731.0
2013,"Congo, Rep.",4622761.0
1990,Costa Rica,3119433.0
2014,Costa Rica,4795396.0
2017,Costa Rica,4949954.0
2016,Costa Rica,4899345.0
2011,Costa Rica,4633086.0
2012,Costa Rica,4688000.0
2014,Cote d'Ivoire,22647683.0
2011,Cote d'Ivoire,21028655.0
2010,Cote d'Ivoire,20532950.0
2013,Cote d'Ivoire,22087505.0
2015,Croatia,4203604.0
2012,Croatia,4267558.0
2011,Cuba,11236670.0
2016,Curacao,159664.0
2012,Curacao,152088.0
2014,Cyprus,1152285.0
2017,Denmark,5764980.0
2015,Djibouti,913993.0
2017,Djibouti,944097.0
2000,Dominica,69650.0
2018,Dominica,71625.0
2015,Dominica,71183.0
2014,Dominica,71085.0
2017,Dominican Republic,10513131.0
2010,Dominican Republic,9695121.0
2012,Dominican Republic,9930911.0
1990,Ecuador,10230934.0
2014,Ecuador,15951838.0
2016,Ecuador,16491115.0
2000,"Egypt, Arab Rep.",68831561.0
2018,"Egypt, Arab Rep.",98423595.0
2016,"Egypt, Arab Rep.",94447072.0
2011,"Egypt, Arab Rep.",84529250.0
2011,El Salvador,6210568.0
2010,El Salvador,6183875.0
2015,Equatorial Guinea,1168568.0
2014,Equatorial Guinea,1122276.0
2017,Equatorial Guinea,1262001.0
2013,Equatorial Guinea,1076413.0
1990,Estonia,1569174.0
2018,Estonia,1320884.0
2015,Estonia,1315407.0
2012,Estonia,1322696.0
2000,Eswatini,1005435.0
2015,Eswatini,1104044.0
2014,Eswatini,1095021.0
2017,Eswatini,1124753.0
1990,Ethiopia,47887865.0
2015,Ethiopia,100835458.0
1990,Faroe Islands,47274.0
2018,Faroe Islands,48497.0
2016,Faroe Islands,48173.0
2013,Faroe Islands,47892.0
2000,Fiji,811006.0
2013,Fiji,865608.0
2014,Finland,5461512.0
2017,Finland,5508214.0
2011,Finland,5388272.0
1990,French Polynesia,199905.0
2000,French Polynesia,240686.0
2015,French Polynesia,273124.0
2016,French Polynesia,274575.0
1990,Gabon,949488.0
2000,"Gambia, The",1317703.0
2018,"Gambia, The",2280102.0
2011,"Gambia, The",1848147.0
2013,"Gambia, The",1963711.0
1990,Georgia,4802000.0
2014,Georgia,3719414.0
2010,Georgia,3786695.0
2013,Georgia,3717668.0
2014,Germany,80982500.0
2016,Germany,82348669.0
2010,Germany,81776930.0
2013,Germany,80645605.0
2017,Ghana,29121471.0
2011,Ghana,25387710.0
2012,Ghana,25996449.0
1990,Gibraltar,29147.0
2014,Gibraltar,33725.0
2012,Gibraltar,33646.0
2017,Greece,10754679.0
2010,Greece,11121341.0
2015,Greenland,56114.0
2014,Greenland,56295.0
2017,Greenland,56171.0
2000,Grenada,102833.0
2018,Grenada,111454.0
2012,Grenada,107446.0
2016,Guam,162951.0
2011,Guam,159692.0
2012,Guam,159996.0
2015,Guatemala,16252429.0
2012,Guatemala,15270778.0
2011,Guinea,10420471.0
2017,Guinea-Bissau,1828146.0
2015,Guyana,767432.0
2014,Guyana,763380.0
2017,Haiti,10982366.0
2011,Haiti,10100320.0
2015,Honduras,9112916.0
2016,Honduras,9270795.0
2011,Honduras,8480671.0
2018,"Hong Kong SAR, China",7451000.0
2015,"Hong Kong SAR, China",7291300.0
2016,"Hong Kong SAR, China",7336600.0
2011,"Hong Kong SAR, China",7071600.0
2013,"Hong Kong SAR, China",7178900.0
2000,Hungary,10210971.0
2018,Hungary,9768785.0
2017,Hungary,9787966.0
2010,Hungary,10000023.0
2016,Iceland,335439.0
2013,Iceland,323764.0
2000,India,1056575549.0
2017,India,1338658835.0
2014,Indonesia,255129004.0
2017,Indonesia,264645886.0
2011,Indonesia,245116206.0
2010,Indonesia,241834215.0
1990,"Iran, Islamic Rep.",56366217.0
2011,"Iran, Islamic Rep.",74634956.0
2012,Iraq,31890011.0
1990,Ireland,3513974.0
2014,Ireland,4657740.0
2015,Isle of Man,83234.0
2016,Isle of Man,83287.0
2018,Israel,8883800.0
2012,Israel,7910500.0
2013,Italy,60233948.0
2000,Jamaica,2654701.0
2017,Jamaica,2920853.0
2016,Jamaica,2906238.0
1990,Japan,123537000.0
2000,Japan,126843000.0
2011,Japan,127833000.0
2000,Jordan,5122493.0
2018,Jordan,9956011.0
2010,Jordan,7261539.0
2012,Jordan,8090872.0
2018,Kazakhstan,18276499.0
2011,Kiribati,104728.0
1990,"Korea, Dem. People’s Rep.",20293054.0
2011,"Korea, Dem. People’s Rep.",24673385.0
2016,"Korea, Rep.",51245707.0
1990,Kosovo,1862000.0
2000,Kosovo,1700000.0
2015,Kosovo,1801800.0
2017,Kosovo,1830700.0
2010,Kosovo,1775680.0
2013,Kosovo,1824100.0
2012,Kosovo,1805200.0
2017,Kuwait,4056097.0
2010,Kuwait,2991884.0
2013,Kuwait,3526378.0
2012,Kuwait,3348853.0
1990,Kyrgyz Republic,4391200.0
2018,Kyrgyz Republic,6315800.0
2014,Kyrgyz Republic,5835500.0
2016,Kyrgyz Republic,6079500.0
2012,Kyrgyz Republic,5607200.0
2017,Lao PDR,6953035.0
2016,Lao PDR,6845846.0
2016,Latvia,1959537.0
2010,Latvia,2097555.0
2014,Lebanon,6262410.0
2017,Lebanon,6811873.0
2011,Lebanon,5202343.0
2000,Lesotho,2032804.0
2018,Lesotho,2108132.0
2015,Lesotho,2059021.0
2011,Lesotho,2003787.0
2012,Lesotho,2014990.0
1990,Liberia,2075912.0
2000,Liberia,2848456.0
2010,Liberia,3891356.0
2000,Libya,5357891.0
1990,Liechtenstein,28789.0
2018,Liechtenstein,37910.0
2018,Lithuania,2789533.0
2010,Lithuania,3097282.0
2012,Lithuania,2987773.0
2015,Luxembourg,569604.0
2011,Luxembourg,518347.0
2012,"Macao SAR, China",564039.0
2000,Madagascar,15766806.0
2018,Malawi,18143315.0
2016,Malawi,17205289.0
2011,Malawi,14962112.0
2013,Malawi,15839269.0
2012,Malawi,15396005.0
2000,Malaysia,23194257.0
2015,Malaysia,30270962.0
2016,Malaysia,30684804.0
2010,Malaysia,28208035.0
2013,Malaysia,29468872.0
2011,Maldives,380495.0
2010,Maldives,365734.0
2018,Malta,483530.0
2015,Malta,445053.0
2016,Malta,455356.0
2015,Mauritius,1262605.0
2017,Mauritius,1264613.0
2011,Mauritius,1252404.0
2010,Mauritius,1250400.0
2014,Mexico,120355128.0
2017,Mexico,124777324.0
2011,Mexico,115695473.0
2016,"Micronesia, Fed. Sts.",110215.0
2000,Moldova,3639592.0
2018,Moldova,3545883.0
2014,Moldova,3556397.0
1990,Monaco,29438.0
2000,Mongolia,2397418.0
2018,Mongolia,3170208.0
1990,Morocco,24807462.0
2016,Morocco,35126296.0
2011,Morocco,32781850.0
2013,Morocco,33715693.0
2000,Mozambique,17711927.0
2015,Mozambique,27042002.0
2012,Mozambique,24862648.0
2018,Myanmar,53708395.0
2017,Myanmar,53382581.0
2018,Namibia,2448255.0
1990,Nauru,9505.0
2016,Nauru,13049.0
2010,Nauru,10005.0
1990,Nepal,18905478.0
2014,Nepal,26906926.0
2016,Nepal,27261131.0
2013,Nepal,26917906.0
2018,New Caledonia,284060.0
2010,New Caledonia,249750.0
2000,New Zealand,3857700.0
2010,New Zealand,4350700.0
2014,Nicaragua,6142733.0
2016,Nicaragua,6303974.0
2011,Nicaragua,5903039.0
2013,Nicaragua,6062454.0
2012,Nicaragua,5982526.0
2015,Niger,20001663.0
2016,Niger,20788838.0
2012,Niger,17795191.0
2010,Nigeria,158503197.0
2013,Nigeria,171765769.0
2012,Nigeria,167228767.0
2016,North Macedonia,2080745.0
2012,North Macedonia,2074278.0
2000,Northern Mariana Islands,57453.0
2013,Norway,5079623.0
2000,Oman,2267973.0
2010,Oman,3041434.0
2018,Pakistan,212215030.0
2011,Pakistan,183340592.0
2012,Pakistan,187281475.0
2014,Palau,17626.0
2014,Panama,3901315.0
1990,Papua New Guinea,4615839.0
2015,Papua New Guinea,8107775.0
2011,Papua New Guinea,7472200.0
2017,Paraguay,6867062.0
2010,Paraguay,6248020.0
2000,Peru,26459944.0
2015,Peru,30470734.0
2011,Peru,29264318.0
2018,Philippines,106651922.0
2014,Philippines,100513138.0
2016,Philippines,103663927.0
2011,Philippines,95570047.0
2010,Philippines,93966780.0
2012,Philippines,97212638.0
1990,Poland,38110782.0
2018,Poland,37978548.0
2011,Poland,38063255.0
2018,Portugal,10281762.0
2015,Portugal,10358076.0
2000,Puerto Rico,3810605.0
2018,Puerto Rico,3195153.0
2015,Puerto Rico,3473166.0
2016,Puerto Rico,3406495.0
2016,Qatar,2654374.0
1990,Romania,23201835.0
2017,Romania,19587491.0
2012,Romania,20058035.0
2012,Russian Federation,143201676.0
2000,Rwanda,7933681.0
2017,Rwanda,11980937.0
2010,Rwanda,10039338.0
2012,Rwanda,10549678.0
2016,Samoa,194535.0
1990,San Marino,24125.0
2017,San Marino,33671.0
2016,San Marino,33504.0
2011,San Marino,31661.0
2018,Sao Tome and Principe,211028.0
2000,Saudi Arabia,20663843.0
2018,Saudi Arabia,33699947.0
2015,Saudi Arabia,31717667.0
2010,Saudi Arabia,27421461.0
2000,Senegal,9797734.0
2018,Senegal,15854360.0
2015,Serbia,7095383.0
2014,Serbia,7130576.0
2016,Serbia,7058322.0
2013,Serbia,7164132.0
2000,Seychelles,81131.0
2012,Seychelles,88303.0
1990,Sierra Leone,4319762.0
2000,Sierra Leone,4584571.0
2014,Sierra Leone,7017144.0
2013,Sierra Leone,6863980.0
2018,Singapore,5638676.0
2014,Singapore,5469724.0
2017,Singapore,5612253.0
2016,Singapore,5607283.0
2013,Singapore,5399162.0
2018,Sint Maarten (Dutch part),40654.0
2015,Slovenia,2063531.0
2017,Slovenia,2066388.0
2013,Slovenia,2059953.0
2000,Solomon Islands,412660.0
2011,Solomon Islands,541521.0
2010,Solomon Islands,527861.0
1990,Somalia,7225092.0
2017,Somalia,14589119.0
2010,Somalia,12043883.0
2012,Somalia,12715510.0
2000,South Africa,44967708.0
2014,South Africa,54545991.0
2016,South Africa,56203654.0
2012,South Sudan,10113647.0
2018,Spain,46723749.0
2018,Sri Lanka,21670000.0
2016,Sri Lanka,21203000.0
2017,St. Kitts and Nevis,52045.0
2016,St. Kitts and Nevis,51625.0
2010,St. Kitts and Nevis,49016.0
2000,St. Lucia,156729.0
2017,St. Lucia,180955.0
2013,St. Lucia,177513.0
2018,St. Martin (French part),37264.0
2014,St. Martin (French part),36015.0
2016,St. Martin (French part),36065.0
1990,St. Vincent and the Grenadines,107484.0
2010,St. Vincent and the Grenadines,108255.0
2018,Sudan,41801533.0
2015,Sudan,38902950.0
2017,Sudan,40813396.0
2013,Sudan,37072550.0
2000,Suriname,470949.0
2014,Suriname,553273.0
1990,Sweden,8558835.0
2010,Sweden,9378126.0
2014,Switzerland,8188649.0
2011,Switzerland,7912398.0
2010,Syrian Arab Republic,21362529.0
1990,Tanzania,25203845.0
2000,Tanzania,33499180.0
2018,Tanzania,56318348.0
2012,Tanzania,47052481.0
1990,Thailand,56558186.0
2016,Thailand,68971331.0
2014,Timor-Leste,1174331.0
2011,Timor-Leste,1113151.0
2017,Togo,7698475.0
2018,Trinidad and Tobago,1389858.0
2012,Trinidad and Tobago,1344817.0
2014,Tunisia,11063201.0
2000,Turkey,63240194.0
2018,Turkey,82319724.0
2014,Turkey,77231907.0
2011,Turkey,73443863.0
2010,Turkey,72326988.0
2000,Turkmenistan,4516133.0
2014,Turkmenistan,5466328.0
2012,Turkmenistan,5267900.0
2000,Turks and Caicos Islands,20164.0
2017,Turks and Caicos Islands,37115.0
2016,Turks and Caicos Islands,36559.0
2010,Tuvalu,10530.0
2000,Uganda,23650172.0
2018,Uganda,42723139.0
2017,Uganda,41162465.0
2011,Uganda,33476919.0
2013,Uganda,35695246.0
2016,Ukraine,45004645.0
2011,Ukraine,45706100.0
2012,Ukraine,45593300.0
2000,United Arab Emirates,3134062.0
2014,United Arab Emirates,9214175.0
2012,United Arab Emirates,9141596.0
2014,United Kingdom,64613160.0
2016,Uruguay,3424132.0
2013,Uruguay,3389439.0
2000,Uzbekistan,24650400.0
2011,Uzbekistan,29339400.0
2018,Vanuatu,292680.0
2012,Vanuatu,249499.0
2018,"Venezuela, RB",28870195.0
2014,"Venezuela, RB",30045134.0
2017,"Venezuela, RB",29390409.0
2016,"Venezuela, RB",29846179.0
2010,"Venezuela, RB",28439940.0
2012,"Venezuela, RB",29362449.0
1990,Vietnam,67988862.0
2018,Vietnam,95540395.0
2015,Vietnam,92677076.0
2011,Vietnam,88871561.0
2015,Virgin Islands (U.S.),107710.0
2014,West Bank and Gaza,4173398.0
2000,"Yemen, Rep.",17409072.0
2018,"Yemen, Rep.",28498687.0
2015,"Yemen, Rep.",26497889.0
2014,"Yemen, Rep.",25823485.0
2011,"Yemen, Rep.",23807588.0
1990,Zambia,8036845.0
2000,Zambia,10415944.0
1990,Zimbabwe,10432421.0
2000,Zimbabwe,11881477.0
2015,Zimbabwe,13814629.0
2016,Zimbabwe,14030390.0
2010,Zimbabwe,12697723.0
2014,Arab World,387907748.0
2000,Caribbean small states,6513485.0
2010,Caribbean small states,6973206.0
2011,Central Europe and the Baltics,104174038.0
2000,Early-demographic dividend,2472913805.0
2018,Early-demographic dividend,3249140605.0
2010,Early-demographic dividend,2908287643.0
2018,East Asia & Pacific (excluding high income),2081651801.0
2017,East Asia & Pacific (excluding high income),2068155660.0
2016,East Asia & Pacific (excluding high income),2053116851.0
2011,East Asia & Pacific (excluding high income),1980045666.0
2013,East Asia & Pacific (excluding high income),2008932012.0
2014,East Asia & Pacific (IDA & IBRD countries),1998513398.0
2017,East Asia & Pacific (IDA & IBRD countries),2042687863.0
2015,Euro area,339533474.0
2016,Europe & Central Asia,911812364.0
2017,Europe & Central Asia (excluding high income),415710935.0
2012,Europe & Central Asia (excluding high income),403265869.0
1990,Europe & Central Asia (IDA & IBRD countries),428315751.0
2018,Europe & Central Asia (IDA & IBRD countries),459865205.0
2014,Europe & Central Asia (IDA & IBRD countries),450528180.0
2013,European Union,506597697.0
2018,Fragile and conflict affected situations,515215936.0
2016,Fragile and conflict affected situations,493290951.0
2012,Fragile and conflict affected situations,450626774.0
1990,Heavily indebted poor countries (HIPC),354047260.0
2000,Heavily indebted poor countries (HIPC),471680794.0
2018,Heavily indebted poor countries (HIPC),780234406.0
2017,Heavily indebted poor countries (HIPC),759106221.0
2016,Heavily indebted poor countries (HIPC),738387254.0
2010,Heavily indebted poor countries (HIPC),624219326.0
2016,IBRD only,4687686335.0
2011,IBRD only,4465853343.0
2010,IBRD only,4421851199.0
2012,IDA & IBRD total,5945148626.0
2014,IDA blend,507644354.0
2017,IDA blend,543525897.0
2018,IDA only,1084407516.0
2010,IDA total,1371628583.0
2014,Late-demographic dividend,2234568586.0
2012,Late-demographic dividend,2207632770.0
2000,Latin America & Caribbean,520964431.0
2016,Latin America & Caribbean,629240066.0
1990,Latin America & Caribbean (excluding high income),417409519.0
2014,Latin America & the Caribbean (IDA & IBRD countries),600555906.0
1990,Least developed countries: UN classification,506275612.0
2018,Least developed countries: UN classification,1009662578.0
2015,Least developed countries: UN classification,941131317.0
2014,Least developed countries: UN classification,919226401.0
2011,Least developed countries: UN classification,856472234.0
2017,Low & middle income,6306560891.0
2016,Low & middle income,6227752871.0
2011,Low & middle income,5840675761.0
2000,Low income,438799433.0
2011,Low income,592092182.0
2014,Lower middle income,2856124025.0
2012,Lower middle income,2772231195.0
2012,Middle East & North Africa,401974219.0
1990,Middle East & North Africa (excluding high income),226259037.0
2011,Middle East & North Africa (excluding high income),338814807.0
2013,Middle East & North Africa (excluding high income),351299193.0
2015,Middle East & North Africa (IDA & IBRD countries),359705458.0
2017,Middle East & North Africa (IDA & IBRD countries),372091950.0
2015,Middle income,5495816130.0
2015,North America,356510820.0
2014,North America,353888995.0
2017,North America,361751263.0
2018,OECD members,1303529456.0
2017,OECD members,1296225760.0
2000,Other small states,20917092.0
2018,Other small states,30758989.0
2000,Pacific island small states,1962452.0
2018,Pacific island small states,2457367.0
2015,Pacific island small states,2355672.0
2011,Pacific island small states,2241798.0
2010,Post-demographic dividend,1074869481.0
2014,Pre-demographic dividend,821931240.0
2017,Pre-demographic dividend,894512725.0
2011,Pre-demographic dividend,753326798.0
2018,Small states,40575321.0
2015,Small states,38526753.0
2017,Small states,39885876.0
2013,Small states,37214028.0
2017,South Asia (IDA & IBRD),1792835608.0
2012,South Asia (IDA & IBRD),1683747130.0
2018,Sub-Saharan Africa,1078306520.0
2014,Sub-Saharan Africa,968959787.0
2011,Sub-Saharan Africa,893046172.0
2012,Sub-Saharan Africa,917726973.0
2018,Sub-Saharan Africa (excluding high income),1078209758.0
2010,Sub-Saharan Africa (excluding high income),868935336.0
2018,Sub-Saharan Africa (IDA & IBRD countries),1078306520.0
2010,Sub-Saharan Africa (IDA & IBRD countries),869025106.0
2012,Upper middle income,2537625754.0
2017,World,7510990456.0
2015,Afghanistan,34413603.0
2014,Afghanistan,33370794.0
2017,Afghanistan,36296400.0
2011,Afghanistan,30117413.0
1990,Albania,3286542.0
1990,Algeria,25758869.0
2018,Algeria,42228429.0
2015,Algeria,39728025.0
2017,Algeria,41389198.0
2016,Algeria,40551404.0
1990,American Samoa,47347.0
2000,American Samoa,57821.0
2015,Andorra,78011.0
2018,Angola,30809762.0
2018,Antigua and Barbuda,96286.0
2016,Antigua and Barbuda,94527.0
2010,Antigua and Barbuda,88028.0
2000,Argentina,36870787.0
2016,Argentina,43590368.0
2012,Argentina,41733271.0
2016,Armenia,2936146.0
2011,Armenia,2876538.0
2013,Armenia,2897584.0
1990,Aruba,62149.0
2018,Aruba,105845.0
2016,Aruba,104872.0
2013,Aruba,103159.0
2015,Australia,23815995.0
2014,Australia,23475686.0
2017,Austria,8797566.0
2010,Austria,8363404.0
2000,Azerbaijan,8048600.0
2018,Azerbaijan,9942334.0
2018,"Bahamas, The",385640.0
2016,"Bahamas, The",377931.0
2010,"Bahamas, The",354942.0
2012,"Bahamas, The",363584.0
2000,Bahrain,664611.0
2018,Bahrain,1569439.0
2015,Bahrain,1371851.0
2014,Bahrain,1336075.0
2011,Bahrain,1278151.0
2012,Bahrain,1299943.0
1990,Bangladesh,103171956.0
2016,Bangladesh,157970840.0
2010,Bangladesh,147575430.0
1990,Barbados,260936.0
2000,Barbados,271515.0
2014,Belarus,9474511.0
2016,Belarus,9501534.0
2013,Belarus,9465997.0
1990,Belgium,9967379.0
2011,Belgium,11038264.0
2015,Belize,360933.0
2017,Benin,11175204.0
1990,Bermuda,59326.0
2000,Bermuda,61833.0
2015,Bermuda,65239.0
2010,Bermuda,65124.0
2012,Bermuda,64798.0
2018,Bhutan,754394.0
2012,Bhutan,701583.0
1990,Bosnia and Herzegovina,4463423.0
2015,Bosnia and Herzegovina,3429361.0
2017,Bosnia and Herzegovina,3351527.0
2010,Bosnia and Herzegovina,3705472.0
2017,Botswana,2205128.0
2016,Botswana,2159944.0
2000,Brazil,174790340.0
2016,Brazil,206163058.0
2010,Brazil,195713635.0
2000,British Virgin Islands,20311.0
2015,British Virgin Islands,29152.0
2016,British Virgin Islands,29355.0
2010,British Virgin Islands,27794.0
2012,British Virgin Islands,28650.0
2014,Brunei Darussalam,409769.0
2016,Brunei Darussalam,419800.0
2015,Bulgaria,7177991.0
2014,Bulgaria,7223938.0
2016,Burkina Faso,18646378.0
2011,Cabo Verde,498856.0
2013,Cabo Verde,511748.0
1990,Cambodia,8975597.0
2000,Cambodia,12155239.0
2018,Cambodia,16249798.0
2014,Cambodia,15274503.0
2017,Cambodia,16009414.0
2011,Cambodia,14541423.0
2013,Cambodia,15026332.0
2018,Cameroon,25216237.0
2016,Cameroon,23926539.0
2014,Canada,35437435.0
2000,Cayman Islands,42303.0
2012,Cayman Islands,58958.0
2015,Central African Republic,4493170.0
2017,Central African Republic,4596028.0
2013,Central African Republic,4447942.0
2012,Central African Republic,4436415.0
1990,Chad,5963252.0
2018,Chad,15477751.0
2011,Chad,12360989.0
2014,Channel Islands,164100.0
2011,Channel Islands,160998.0
2000,Chile,15342353.0
2017,Chile,18470439.0
2000,China,1262645000.0
2015,China,1371220000.0
2012,China,1350695000.0
2010,Colombia,45222700.0
2000,Comoros,542357.0
2010,Comoros,689692.0
2000,"Congo, Dem. Rep.",47105826.0
2017,"Congo, Dem. Rep.",81398764.0
2016,"Congo, Dem. Rep.",78789127.0
2011,"Congo, Dem. Rep.",66755153.0
2010,"Congo, Dem. Rep.",64563854.0
2013,"Congo, Dem. Rep.",71358807.0
2015,Cote d'Ivoire,23226143.0
2017,Cote d'Ivoire,24437469.0
2016,Cote d'Ivoire,23822714.0
2017,Croatia,4124531.0
2010,Croatia,4295427.0
2000,Cuba,11126430.0
2016,Cuba,11335109.0
2013,Cuba,11282720.0
1990,Curacao,145400.0
2000,Curacao,133860.0
2018,Curacao,159849.0
2018,Cyprus,1189265.0
2012,Cyprus,1135046.0
2010,Czech Republic,10474410.0
1990,Denmark,5140939.0
2018,Denmark,5797446.0
1990,Djibouti,590398.0
2014,Djibouti,898696.0
2016,Djibouti,929112.0
2010,Dominica,70878.0
2013,Dominica,71016.0
2000,Dominican Republic,8471321.0
2016,Dominican Republic,10397743.0
2011,Dominican Republic,9813210.0
2011,Ecuador,15243883.0
2010,Ecuador,15011117.0
2018,El Salvador,6420744.0
2016,El Salvador,6356143.0
2013,El Salvador,6266070.0
1990,Equatorial Guinea,419188.0
2011,Eritrea,3213972.0
2016,Estonia,1315790.0
2011,Estonia,1327439.0
2018,Eswatini,1136191.0
2010,Eswatini,1064837.0
2014,Ethiopia,98094253.0
2017,Faroe Islands,48331.0
2011,Faroe Islands,47823.0
2018,Fiji,883483.0
2015,Fiji,868627.0
2014,Fiji,866453.0
2016,Fiji,872399.0
2011,Fiji,863449.0
1990,Finland,4986431.0
2015,Finland,5479531.0
2017,France,66865144.0
2012,France,65659809.0
2018,French Polynesia,277679.0
2010,French Polynesia,266455.0
2012,French Polynesia,268998.0
2014,Gabon,1883800.0
2010,Gabon,1624140.0
2014,"Gambia, The",2024042.0
2017,"Gambia, The",2213894.0
2010,"Gambia, The",1793196.0
2018,Ghana,29767108.0
2010,Ghana,24779619.0
2000,Gibraltar,31077.0
2011,Gibraltar,33612.0
2010,Gibraltar,33585.0
2018,Greece,10727668.0
2012,Greece,11045011.0
2000,Greenland,56200.0
2013,Greenland,56483.0
2010,Grenada,106233.0
2013,Grenada,108170.0
2018,Guam,165768.0
2013,Guam,160407.0
2000,Guatemala,11650743.0
2010,Guatemala,14630417.0
2011,Guinea-Bissau,1562989.0
2010,Guinea-Bissau,1522599.0
1990,Guyana,743309.0
2014,Haiti,10549008.0
2010,Haiti,9949322.0
2013,Haiti,10400673.0
2012,Haiti,10250930.0
1990,Honduras,4955303.0
2018,Honduras,9587522.0
2016,Hungary,9814023.0
2011,Hungary,9971727.0
2012,Hungary,9920362.0
2012,Iceland,320716.0
2018,India,1352617328.0
2011,India,1250288729.0
2010,India,1234281170.0
2018,Indonesia,267663435.0
2013,Indonesia,251806402.0
2000,"Iran, Islamic Rep.",65623405.0
2018,"Iran, Islamic Rep.",81800269.0
2014,"Iran, Islamic Rep.",77465753.0
2016,"Iran, Islamic Rep.",79564016.0
1990,Iraq,17419113.0
2015,Iraq,35572261.0
2014,Iraq,34411951.0
2010,Iraq,29741976.0
2015,Ireland,4701957.0
2011,Ireland,4580084.0
2000,Isle of Man,76941.0
2018,Isle of Man,84077.0
2011,Isle of Man,84886.0
2015,Israel,8380100.0
2017,Israel,8713300.0
2010,Israel,7623600.0
2013,Israel,8059500.0
1990,Jamaica,2419906.0
2018,Japan,126529100.0
2015,Japan,127141000.0
2017,Japan,126785797.0
2015,Jordan,9266575.0
2017,Jordan,9779173.0
2016,Jordan,9551467.0
2011,Kazakhstan,16557201.0
2010,Kazakhstan,16321872.0
2015,Kenya,47878336.0
2000,Kiribati,84396.0
2015,Kiribati,110930.0
2014,Kiribati,109391.0
2017,Kiribati,114158.0
2010,Kiribati,102927.0
2000,"Korea, Dem. People’s Rep.",22929075.0
2018,"Korea, Dem. People’s Rep.",25549819.0
2010,"Korea, Dem. People’s Rep.",24548836.0
2012,"Korea, Dem. People’s Rep.",24800612.0
2013,"Korea, Rep.",50428893.0
2018,Kosovo,1845300.0
2011,Kosovo,1791000.0
2015,Kuwait,3835591.0
2016,Kuwait,3956873.0
2011,Kuwait,3168060.0
2017,Kyrgyz Republic,6198200.0
1990,Lao PDR,4258472.0
2000,Lao PDR,5323700.0
2010,Lao PDR,6249165.0
2015,Latvia,1977527.0
2014,Latvia,1993782.0
2017,Latvia,1942248.0
2013,Latvia,2012647.0
1990,Lesotho,1703747.0
2013,Lesotho,2028519.0
2011,Liberia,4017443.0
2014,Libya,6362037.0
2010,Libya,6197663.0
2013,Libya,6320359.0
2015,Liechtenstein,37470.0
2014,Liechtenstein,37223.0
2017,Liechtenstein,37800.0
2010,Liechtenstein,35994.0
2013,Liechtenstein,36934.0
2012,Liechtenstein,36615.0
2000,Lithuania,3499536.0
2014,Lithuania,2932367.0
2013,Lithuania,2957689.0
1990,Luxembourg,381850.0
2013,Luxembourg,543360.0
1990,"Macao SAR, China",343808.0
2000,"Macao SAR, China",427782.0
2015,Malawi,16745303.0
2010,Malawi,14539612.0
2012,Malaysia,29068159.0
2000,Maldives,279398.0
2014,Maldives,435015.0
2017,Maldives,496402.0
2016,Maldives,475513.0
2013,Maldives,415593.0
2000,Mali,10946445.0
2017,Mali,18512394.0
2017,Malta,467999.0
2013,Malta,425967.0
1990,Marshall Islands,47271.0
2016,Marshall Islands,57735.0
2000,Mauritania,2630219.0
2018,Mauritania,4403319.0
2015,Mauritania,4046301.0
2017,Mauritania,4282574.0
2010,Mauritania,3494195.0
2000,Mauritius,1186873.0
2016,Mauritius,1263473.0
1990,Mexico,83943132.0
2013,Mexico,118827161.0
2014,"Micronesia, Fed. Sts.",107446.0
2010,"Micronesia, Fed. Sts.",102911.0
2015,Moldova,3554108.0
2017,Moldova,3549196.0
2016,Moldova,3551954.0
2012,Moldova,3559519.0
2011,Monaco,36024.0
2016,Mongolia,3056359.0
2015,Montenegro,622159.0
2014,Montenegro,621810.0
2012,Montenegro,620601.0
2015,Morocco,34663603.0
2014,Morocco,34192347.0
2012,Morocco,33241898.0
2014,Mozambique,26286163.0
2016,Mozambique,27829942.0
2011,Mozambique,24187487.0
2010,Myanmar,50600818.0
1990,Namibia,1432905.0
2000,Namibia,1794571.0
2016,Namibia,2358041.0
2011,Namibia,2156701.0
2000,Nauru,10337.0
2015,Nauru,12475.0
2014,Nauru,11853.0
2012,Nepal,26989862.0
2014,Netherlands,16865008.0
2011,Netherlands,16693074.0
2010,Netherlands,16615394.0
2012,Netherlands,16754962.0
1990,New Caledonia,170899.0
2015,New Caledonia,272400.0
2014,New Caledonia,268050.0
2017,New Caledonia,280350.0
1990,New Zealand,3329800.0
2014,New Zealand,4509700.0
2016,New Zealand,4693200.0
2011,New Zealand,4384000.0
1990,Nicaragua,4173434.0
2015,Nicaragua,6223240.0
2017,Nicaragua,6384855.0
2018,Niger,22442948.0
2017,Niger,21602472.0
2018,Nigeria,195874740.0
2017,Nigeria,190873311.0
2016,Nigeria,185960289.0
1990,North Macedonia,1996228.0
2011,North Macedonia,2072487.0
2015,Northern Mariana Islands,55780.0
2012,Northern Mariana Islands,54311.0
2000,Norway,4490967.0
2018,Oman,4829483.0
2014,Oman,4027260.0
1990,Pakistan,107647921.0
2000,Pakistan,142343578.0
2015,Pakistan,199426964.0
2017,Pakistan,207896686.0
2018,Palau,17907.0
2017,Palau,17808.0
2013,Palau,17606.0
2014,Papua New Guinea,7946731.0
2010,Papua New Guinea,7310507.0
2000,Paraguay,5323201.0
2018,Paraguay,6956071.0
2015,Paraguay,6688746.0
2012,Paraguay,6421512.0
2013,Peru,29773987.0
1990,Philippines,61895160.0
2000,Philippines,77991755.0
2013,Philippines,98871552.0
2017,Portugal,10300300.0
2010,Portugal,10573100.0
2013,Puerto Rico,3593077.0
1990,Qatar,476278.0
2011,Qatar,2035871.0
2012,Qatar,2196074.0
2011,Romania,20147528.0
2015,Russian Federation,144096870.0
2014,Russian Federation,143819666.0
2018,Rwanda,12301939.0
2015,Rwanda,11369071.0
2011,Rwanda,10293331.0
2018,Samoa,196130.0
2013,Samoa,190717.0
2000,San Marino,27462.0
2015,San Marino,33272.0
2010,San Marino,31229.0
2013,San Marino,32553.0
1990,Sao Tome and Principe,119209.0
2015,Sao Tome and Principe,199432.0
1990,Saudi Arabia,16233785.0
2012,Saudi Arabia,29155187.0
2015,Senegal,14578459.0
2017,Senegal,15419381.0
2010,Senegal,12678148.0
2018,Serbia,6982084.0
2017,Serbia,7020858.0
1990,Seychelles,69507.0
2015,Seychelles,93419.0
2014,Seychelles,91359.0
2017,Seychelles,95843.0
2017,Sierra Leone,7488431.0
2012,Sierra Leone,6712581.0
1990,Singapore,3047132.0
2015,Slovak Republic,5423801.0
2016,Slovak Republic,5430798.0
2011,Slovak Republic,5398384.0
2010,Slovak Republic,5391428.0
2010,Slovenia,2048583.0
2012,Slovenia,2057159.0
2018,Solomon Islands,652858.0
2015,Solomon Islands,603118.0
2013,Solomon Islands,571335.0
2015,Somalia,13797201.0
2013,Somalia,13063706.0
2012,South Africa,52834005.0
2000,South Sudan,6199394.0
2016,South Sudan,10832512.0
2010,Spain,46576897.0
2015,Sri Lanka,20970000.0
2010,Sri Lanka,20261737.0
2012,Sri Lanka,20425000.0
2015,St. Kitts and Nevis,51203.0
2018,St. Lucia,181889.0
1990,St. Martin (French part),31520.0
2010,St. Martin (French part),37582.0
2012,St. Martin (French part),37009.0
2000,St. Vincent and the Grenadines,107784.0
2018,St. Vincent and the Grenadines,110210.0
2017,St. Vincent and the Grenadines,109827.0
2012,St. Vincent and the Grenadines,108435.0
1990,Sudan,20147590.0
2010,Sudan,34545013.0
2016,Switzerland,8373338.0
1990,Syrian Arab Republic,12446171.0
2014,Syrian Arab Republic,18715672.0
2011,Syrian Arab Republic,21082966.0
2013,Syrian Arab Republic,19584274.0
2014,Tajikistan,8252833.0
2017,Tajikistan,8880268.0
2014,Tanzania,49959822.0
2010,Tanzania,44346525.0
2013,Tanzania,48482266.0
2000,Thailand,62952642.0
2011,Thailand,67518382.0
2010,Thailand,67195028.0
2013,Thailand,68144501.0
2012,Thailand,67835957.0
2017,Timor-Leste,1243261.0
2010,Timor-Leste,1093523.0
2013,Timor-Leste,1153295.0
2015,Togo,7323158.0
2011,Togo,6595943.0
2013,Togo,6954721.0
2000,Tonga,97973.0
2017,Tonga,101998.0
2012,Tonga,102737.0
2014,Trinidad and Tobago,1362342.0
2010,Trinidad and Tobago,1328147.0
2016,Tunisia,11303946.0
2011,Tunisia,10741880.0
2012,Tunisia,10847002.0
1990,Turkey,53921760.0
1990,Turkmenistan,3683967.0
2011,Turkmenistan,5174085.0
2018,Turks and Caicos Islands,37665.0
2015,Turks and Caicos Islands,35981.0
1990,Tuvalu,8913.0
2011,Tuvalu,10633.0
2010,Ukraine,45870700.0
2013,Ukraine,45489600.0
2013,United Arab Emirates,9197910.0
2015,United Kingdom,65128861.0
2011,United Kingdom,63258918.0
2000,United States,282162411.0
2015,United States,320742673.0
2014,Uruguay,3400434.0
1990,Uzbekistan,20510000.0
2013,Uzbekistan,30243200.0
2011,"Venezuela, RB",28888369.0
2011,Virgin Islands (U.S.),108292.0
2013,Virgin Islands (U.S.),108044.0
2012,Virgin Islands (U.S.),108191.0
2018,West Bank and Gaza,4569087.0
2016,West Bank and Gaza,4367088.0
2013,West Bank and Gaza,4076708.0
2012,West Bank and Gaza,3979998.0
2018,Zimbabwe,14439018.0
2017,Zimbabwe,14236745.0
2000,Arab World,282344154.0
2016,Arab World,404024433.0
2015,Caribbean small states,7222212.0
2011,Caribbean small states,7022387.0
2012,Caribbean small states,7072665.0
1990,Early-demographic dividend,2029207305.0
2012,Early-demographic dividend,2994852889.0
2010,East Asia & Pacific,2206884624.0
2013,East Asia & Pacific,2252046977.0
2012,East Asia & Pacific,2236819053.0
1990,East Asia & Pacific (excluding high income),1605197175.0
2012,East Asia & Pacific (excluding high income),1994401378.0
2000,East Asia & Pacific (IDA & IBRD countries),1793498351.0
2016,East Asia & Pacific (IDA & IBRD countries),2027771091.0
2013,East Asia & Pacific (IDA & IBRD countries),1983964453.0
2000,Euro area,321310791.0
2017,Euro area,341164362.0
2013,Euro area,337302113.0
2000,Europe & Central Asia,861993393.0
2014,Europe & Central Asia,903129978.0
2017,Europe & Central Asia,915420161.0
2017,Europe & Central Asia (IDA & IBRD countries),457810292.0
2011,European Union,504005894.0
2010,European Union,504298777.0
2012,European Union,505096232.0
2000,Fragile and conflict affected situations,336293932.0
2015,Fragile and conflict affected situations,482530732.0
2014,Fragile and conflict affected situations,471835322.0
2017,Fragile and conflict affected situations,504119229.0
2015,Heavily indebted poor countries (HIPC),718128416.0
2012,Heavily indebted poor countries (HIPC),660193774.0
2018,High income,1210312147.0
1990,IBRD only,3468162855.0
2000,IBRD only,3981934121.0
2014,IBRD only,4599654984.0
2013,IBRD only,4555067814.0
2010,IDA & IBRD total,5793479782.0
2010,IDA blend,462331503.0
2000,IDA only,717995644.0
2017,IDA only,1060393539.0
2016,IDA only,1037052642.0
2012,IDA only,950131252.0
2015,IDA total,1533785039.0
2016,IDA total,1568451686.0
2011,IDA total,1403206552.0
2000,Late-demographic dividend,2045841423.0
2010,Late-demographic dividend,2181529363.0
2018,Latin America & Caribbean,641357515.0
2014,Latin America & Caribbean,616619613.0
2010,Latin America & Caribbean,590303295.0
2012,Latin America & Caribbean,603586217.0
2015,Latin America & Caribbean (excluding high income),591416820.0
2014,Latin America & Caribbean (excluding high income),585296422.0
2017,Latin America & the Caribbean (IDA & IBRD countries),619460244.0
2013,Latin America & the Caribbean (IDA & IBRD countries),594063071.0
2012,Latin America & the Caribbean (IDA & IBRD countries),587491182.0
2017,Least developed countries: UN classification,986365080.0
2010,Least developed countries: UN classification,836614860.0
2013,Low & middle income,5993786433.0
1990,Low income,332330635.0
2012,Low income,606913332.0
2000,Lower middle income,2281159205.0
2014,Middle East & North Africa,417932242.0
2018,Middle East & North Africa (excluding high income),382896715.0
2014,Middle East & North Africa (excluding high income),357637340.0
2017,Middle East & North Africa (excluding high income),376546755.0
2016,Middle East & North Africa (IDA & IBRD countries),365909373.0
2000,Middle income,4598469354.0
2018,Middle income,5678540888.0
2017,Middle income,5619111361.0
2011,Middle income,5248583579.0
2013,Middle income,5371870625.0
2011,North America,345983901.0
2015,OECD members,1280466626.0
2013,OECD members,1263987635.0
2017,Other small states,30148800.0
2013,Other small states,27794595.0
1990,Pacific island small states,1694332.0
2014,Pacific island small states,2325136.0
2013,Pacific island small states,2296101.0
2000,Post-demographic dividend,1020504252.0
2018,Post-demographic dividend,1109997273.0
2015,Pre-demographic dividend,845759344.0
2010,Pre-demographic dividend,731868772.0
2012,Pre-demographic dividend,775573001.0
2000,Small states,29393029.0
2014,Small states,37862981.0
2016,Small states,39200572.0
2011,Small states,35912147.0
2018,South Asia,1814388744.0
1990,South Asia (IDA & IBRD),1133495196.0
2018,South Asia (IDA & IBRD),1814388744.0
2011,South Asia (IDA & IBRD),1661534412.0
2017,Sub-Saharan Africa,1050153672.0
1990,Sub-Saharan Africa (excluding high income),509382344.0
2016,Sub-Saharan Africa (excluding high income),1022431864.0
1990,Sub-Saharan Africa (IDA & IBRD countries),509451851.0
2015,Sub-Saharan Africa (IDA & IBRD countries),995458478.0
2000,Upper middle income,2317310149.0
2015,Upper middle income,2597757681.0
2017,Upper middle income,2637690770.0
1990,World,5281340078.0
2000,World,6115108363.0
2010,Afghanistan,29185507.0
2013,Afghanistan,32269589.0
2018,Albania,2866376.0
2015,Albania,2880703.0
2014,Albania,2889104.0
2016,Albania,2876101.0
2010,Albania,2913021.0
2013,Albania,2895092.0
2011,Algeria,36661444.0
2017,Andorra,77001.0
2015,Angola,27884381.0
2014,Angola,26941779.0
2010,Angola,23356246.0
2012,Angola,25107931.0
2015,Antigua and Barbuda,93566.0
2011,Antigua and Barbuda,89253.0
2011,Argentina,41261490.0
2000,Armenia,3069591.0
2014,Armenia,2912403.0
2010,Armenia,2877319.0
2015,Aruba,104341.0
2014,Aruba,103774.0
2010,Aruba,101669.0
2012,Aruba,102560.0
2013,Australia,23128129.0
2012,Australia,22733465.0
2000,Austria,8011566.0
2014,Austria,8546356.0
2013,Austria,8479823.0
1990,"Bahamas, The",256223.0
2017,"Bahamas, The",381761.0
2011,"Bahamas, The",359577.0
1990,Bahrain,495931.0
2013,Bahrain,1315029.0
2013,Bangladesh,152764676.0
1990,Belarus,10189000.0
2015,Belarus,9489616.0
2017,Belarus,9498264.0
2010,Belarus,9490583.0
2010,Belgium,10895586.0
2018,Benin,11485048.0
2014,Benin,10286842.0
2016,Benin,10872067.0
2011,Benin,9460830.0
2016,Bermuda,64555.0
2013,Bermuda,65001.0
2015,Bhutan,727876.0
2017,Bhutan,745568.0
2011,Bolivia,10212954.0
2010,Bolivia,10048590.0
2000,Bosnia and Herzegovina,3751176.0
2012,Bosnia and Herzegovina,3604972.0
2018,Botswana,2254126.0
2015,Botswana,2120716.0
2014,Botswana,2088614.0
2010,Botswana,1987105.0
2013,Botswana,2062536.0
2012,Botswana,2039551.0
1990,Brazil,149003223.0
2018,Brazil,209469333.0
2014,Brazil,202763735.0
2011,Brazil,197514534.0
1990,British Virgin Islands,17489.0
2017,British Virgin Islands,29577.0
2013,Brunei Darussalam,404421.0
2000,Bulgaria,8170172.0
2018,Bulgaria,7024216.0
2011,Bulgaria,7348328.0
2010,Bulgaria,7395599.0
2000,Burkina Faso,11607942.0
2015,Burkina Faso,18110624.0
2011,Burkina Faso,16081911.0
2010,Burkina Faso,15605217.0
2013,Burkina Faso,17072775.0
2000,Burundi,6378871.0
2018,Cabo Verde,543767.0
2015,Cambodia,15521436.0
2012,Cambodia,14780454.0
2015,Cameroon,23298368.0
2014,Cameroon,22681858.0
2011,Cameroon,20906388.0
2010,Cameroon,20341241.0
2000,Canada,30685730.0
2017,Canada,36540268.0
2016,Canada,36109487.0
2012,Canada,34714222.0
2017,Cayman Islands,63382.0
2016,Central African Republic,4537687.0
2000,Chad,8355654.0
2016,Chad,14561666.0
2013,Channel Islands,163038.0
2012,Channel Islands,162056.0
2011,Chile,17233576.0
2014,Colombia,46969209.0
2016,Colombia,48171392.0
2012,Colombia,46076848.0
2015,Comoros,777424.0
2014,Comoros,759390.0
2012,Comoros,723871.0
1990,"Congo, Dem. Rep.",34612023.0
2000,"Congo, Rep.",3127411.0
2014,"Congo, Rep.",4736974.0
2000,Costa Rica,3962372.0
2015,Costa Rica,4847804.0
2010,Costa Rica,4577378.0
1990,Cote d'Ivoire,11924877.0
2018,Croatia,4089400.0
2014,Croatia,4238389.0
2011,Croatia,4280622.0
1990,Cuba,10596987.0
2015,Cuba,11324781.0
2017,Curacao,160175.0
2013,Curacao,153822.0
2000,Cyprus,943290.0
2015,Cyprus,1160985.0
2010,Cyprus,1112612.0
2013,Cyprus,1143866.0
1990,Czech Republic,10333355.0
2015,Denmark,5683483.0
2000,Djibouti,717584.0
2011,Djibouti,853674.0
2010,Djibouti,840198.0
2011,Dominica,70916.0
2012,Dominica,70965.0
2018,Dominican Republic,10627165.0
2015,Dominican Republic,10281680.0
2013,Dominican Republic,10048224.0
2000,Ecuador,12681123.0
2015,Ecuador,16212020.0
2017,Ecuador,16785361.0
2015,"Egypt, Arab Rep.",92442547.0
2000,El Salvador,5887936.0
2015,El Salvador,6325124.0
2018,Equatorial Guinea,1308974.0
2011,Equatorial Guinea,986853.0
2010,Equatorial Guinea,943639.0
2010,Eritrea,3170435.0
1990,Eswatini,822420.0
2016,Eswatini,1113984.0
2013,Eswatini,1086839.0
2017,Ethiopia,106400024.0
2016,Ethiopia,103603501.0
2014,Faroe Islands,47960.0
2018,Finland,5518050.0
2013,Finland,5438972.0
2016,France,66859768.0
2010,France,65027507.0
2014,French Polynesia,271705.0
2018,Gabon,2119275.0
1990,"Gambia, The",955593.0
2012,"Gambia, The",1905011.0
2018,Georgia,3731000.0
2015,Georgia,3725276.0
2017,Georgia,3728004.0
2000,Germany,82211508.0
2018,Germany,82927922.0
2011,Germany,80274983.0
2000,Ghana,19278856.0
2016,Ghana,28481946.0
2013,Ghana,26607642.0
2013,Gibraltar,33692.0
1990,Greece,10196792.0
2013,Greece,10965211.0
1990,Greenland,55600.0
2016,Greenland,56186.0
2010,Greenland,56905.0
1990,Grenada,96331.0
2015,Grenada,109599.0
2014,Grenada,108902.0
2000,Guam,155329.0
2015,Guam,161853.0
2017,Guam,164281.0
2010,Guam,159444.0
1990,Guatemala,9263813.0
2018,Guatemala,17247807.0
2017,Guatemala,16914936.0
2013,Guatemala,15595821.0
1990,Guinea,6352283.0
2017,Guinea,12067539.0
2013,Guinea,10892810.0
2012,Guinea,10652029.0
2000,Guinea-Bissau,1201301.0
2016,Guinea-Bissau,1782437.0
2018,Guyana,779004.0
2010,Guyana,749436.0
2013,Guyana,759285.0
2012,Guyana,755399.0
2017,Honduras,9429013.0
2010,Honduras,8317470.0
1990,"Hong Kong SAR, China",5704500.0
2010,"Hong Kong SAR, China",7024200.0
2015,Hungary,9843028.0
2014,Hungary,9866468.0
2000,Iceland,281205.0
2018,Iceland,353574.0
2015,Iceland,330815.0
2016,India,1324509589.0
1990,Indonesia,181413402.0
2000,Indonesia,211513823.0
2016,Indonesia,261554226.0
2015,"Iran, Islamic Rep.",78492215.0
2017,"Iran, Islamic Rep.",80673951.0
2013,"Iran, Islamic Rep.",76481943.0
2012,"Iran, Islamic Rep.",75539862.0
2018,Iraq,38433600.0
2017,Iraq,37552781.0
2016,Iraq,36610632.0
2000,Ireland,3805174.0
2018,Ireland,4853506.0
2013,Ireland,4623816.0
2012,Ireland,4599533.0
2014,Isle of Man,83488.0
2017,Isle of Man,83598.0
1990,Israel,4660000.0
2000,Israel,6289000.0
2000,Italy,56942108.0
2018,Italy,60431283.0
2012,Italy,59539717.0
2014,Jamaica,2875136.0
2010,Jamaica,2810460.0
2014,Japan,127276000.0
2016,Japan,126994511.0
2012,Japan,127629000.0
2014,Jordan,8920049.0
2011,Jordan,7663131.0
1990,Kazakhstan,16348000.0
2016,Kazakhstan,17794055.0
2000,Kenya,31964557.0
2018,Kenya,51393010.0
2014,Kenya,46699981.0
2017,Kenya,50221473.0
2010,Kenya,42030676.0
2012,Kenya,44343410.0
2018,Kiribati,115847.0
2013,Kiribati,107890.0
2012,Kiribati,106370.0
2015,"Korea, Dem. People’s Rep.",25183833.0
2000,"Korea, Rep.",47008111.0
2014,"Korea, Rep.",50746659.0
2017,"Korea, Rep.",51466201.0
2016,Kosovo,1816200.0
1990,Kuwait,2095344.0
2000,Kuwait,2045123.0
2014,Kuwait,3690942.0
2010,Kyrgyz Republic,5447900.0
2015,Lao PDR,6741164.0
2013,Lao PDR,6541304.0
2012,Latvia,2034319.0
2000,Lebanon,3842778.0
2010,Lesotho,1995581.0
2016,Liberia,4586788.0
2015,Libya,6418315.0
2017,Libya,6580724.0
2011,Libya,6247439.0
2011,Liechtenstein,36293.0
2016,Lithuania,2868231.0
2014,Luxembourg,556319.0
2015,"Macao SAR, China",602085.0
2014,"Macao SAR, China",590208.0
2017,"Macao SAR, China",622585.0
2016,"Macao SAR, China",612836.0
2015,Madagascar,24234088.0
2017,Madagascar,25570540.0
2013,Madagascar,22961253.0
2012,Madagascar,22346641.0
1990,Malaysia,18029824.0
2018,Mali,19077690.0
2015,Mali,17438778.0
2010,Mali,15049353.0
2013,Mali,16449864.0
2011,Malta,416268.0
2010,Malta,414508.0
2012,Malta,420028.0
2017,Marshall Islands,58058.0
2012,Marshall Islands,56717.0
1990,Mauritius,1058775.0
2014,Mauritius,1260934.0
2016,Mexico,123333376.0
2010,Mexico,114092963.0
2012,Mexico,117274155.0
2018,"Micronesia, Fed. Sts.",112640.0
2015,"Micronesia, Fed. Sts.",108895.0
2018,Monaco,38682.0
2015,Monaco,37718.0
2014,Monaco,37322.0
2010,Monaco,35612.0
2015,Mongolia,2998439.0
2017,Mongolia,3113779.0
2018,Montenegro,622345.0
2017,Montenegro,622373.0
2010,Montenegro,619428.0
2017,Morocco,35581294.0
1990,Mozambique,12987292.0
2018,Mozambique,29495962.0
2017,Mozambique,28649007.0
2000,Myanmar,46719701.0
2014,Myanmar,52280807.0
2011,Myanmar,50990615.0
2012,Myanmar,51413698.0
2017,Namibia,2402603.0
2010,Namibia,2118874.0
2013,Namibia,2233510.0
2018,Nepal,28087871.0
1990,Netherlands,14951510.0
2017,Netherlands,17131296.0
2016,Netherlands,17030314.0
2013,Netherlands,16804432.0
2013,New Caledonia,263650.0
2012,New Caledonia,259000.0
2012,New Zealand,4408100.0
2000,Nicaragua,5069302.0
2010,Nicaragua,5824065.0
2000,Niger,11331557.0
2014,Nigeria,176404902.0
2000,North Macedonia,2034819.0
2017,North Macedonia,2081996.0
2011,Northern Mariana Islands,54012.0
2010,Northern Mariana Islands,53971.0
2011,Norway,4953088.0
2012,Norway,5018573.0
2016,Oman,4479219.0
2011,Oman,3251108.0
2013,Oman,3764805.0
2014,Pakistan,195306825.0
2016,Pakistan,203627284.0
1990,Palau,15058.0
2011,Palau,17745.0
2010,Palau,17955.0
1990,Panama,2470947.0
2018,Panama,4176873.0
2000,Papua New Guinea,5847586.0
2018,Papua New Guinea,8606316.0
2014,Paraguay,6599526.0
1990,Peru,22071433.0
2018,Peru,31989256.0
2016,Peru,30926032.0
2015,Poland,37986412.0
2000,Portugal,10289898.0
2014,Portugal,10401062.0
2016,Portugal,10325452.0
2013,Portugal,10457295.0
1990,Puerto Rico,3537000.0
2017,Puerto Rico,3325001.0
2011,Puerto Rico,3678732.0
2010,Qatar,1856327.0
2013,Qatar,2336574.0
2018,Romania,19473936.0
2010,Romania,20246871.0
2013,Romania,19983693.0
2000,Russian Federation,146596557.0
2011,Russian Federation,142960868.0
2000,Samoa,174454.0
2014,Samoa,192221.0
2017,Samoa,195352.0
2011,Samoa,187469.0
2010,Samoa,185949.0
2012,Samoa,189088.0
2018,San Marino,33785.0
2014,San Marino,32948.0
2012,San Marino,32105.0
2017,Sao Tome and Principe,207089.0
2011,Sao Tome and Principe,184524.0
2017,Saudi Arabia,33099147.0
2016,Saudi Arabia,32442572.0
2011,Saudi Arabia,28267685.0
2013,Saudi Arabia,30052518.0
2014,Senegal,14174731.0
1990,Serbia,7586000.0
2010,Serbia,7291436.0
2012,Serbia,7199077.0
2010,Sierra Leone,6415634.0
2017,Sint Maarten (Dutch part),40574.0
2011,Sint Maarten (Dutch part),33435.0
2013,Sint Maarten (Dutch part),36607.0
2012,Sint Maarten (Dutch part),34640.0
2000,Slovak Republic,5388720.0
2018,Slovak Republic,5447011.0
2014,Slovak Republic,5418649.0
2017,Slovak Republic,5439232.0
2012,Slovak Republic,5407579.0
2000,Slovenia,1988925.0
2014,Slovenia,2061980.0
2017,Solomon Islands,636038.0
2014,Somalia,13423576.0
1990,South Africa,36800509.0
2018,South Africa,57779622.0
2015,South Africa,55386367.0
2017,South Africa,57000451.0
2011,South Africa,52004172.0
2010,South Africa,51216964.0
1990,South Sudan,5492623.0
2017,South Sudan,10910759.0
2011,South Sudan,9830698.0
2012,Spain,46773055.0
2000,Sri Lanka,18777601.0
2017,Sri Lanka,21444000.0
2013,Sri Lanka,20585000.0
2018,St. Kitts and Nevis,52441.0
2016,St. Lucia,180024.0
2010,St. Lucia,174085.0
2012,St. Lucia,176646.0
2000,St. Martin (French part),28935.0
2017,St. Martin (French part),36560.0
2011,St. Martin (French part),37446.0
2013,St. Martin (French part),36453.0
2013,St. Vincent and the Grenadines,108622.0
2000,Sudan,27275015.0
2014,Sudan,37977655.0
2016,Sudan,39847440.0
2013,Suriname,547291.0
2012,Suriname,541245.0
2018,Sweden,10183175.0
2011,Sweden,9449213.0
2013,Sweden,9600379.0
2018,Switzerland,8516543.0
2017,Switzerland,8451840.0
2012,Switzerland,7996861.0
2000,Syrian Arab Republic,16410848.0
2012,Syrian Arab Republic,20442541.0
2018,Tajikistan,9100837.0
2015,Tajikistan,8454028.0
2011,Tajikistan,7697510.0
2016,Tanzania,53050790.0
2014,Thailand,68438730.0
1990,Togo,3774312.0
2000,Togo,4924402.0
2014,Togo,7137997.0
2012,Togo,6773807.0
2016,Tonga,101133.0
2011,Tonga,103562.0
2013,Tonga,101768.0
2015,Trinidad and Tobago,1370328.0
2018,Tunisia,11565204.0
2017,Tunisia,11433443.0
2013,Tunisia,10952951.0
2013,Turkey,75928564.0
2012,Turkey,74653016.0
2018,Turkmenistan,5850908.0
2010,Turkmenistan,5087213.0
2014,Turks and Caicos Islands,35369.0
2012,Turks and Caicos Islands,34066.0
2018,Tuvalu,11508.0
2017,Tuvalu,11370.0
2012,Tuvalu,10739.0
2010,Uganda,32428167.0
2012,Uganda,34559168.0
2015,Ukraine,45154029.0
2017,Ukraine,44831135.0
2015,United Arab Emirates,9262900.0
2011,United Arab Emirates,8946777.0
2010,United Arab Emirates,8549988.0
2018,United Kingdom,66488991.0
2010,United Kingdom,62766365.0
1990,United States,249623000.0
1990,Uruguay,3109601.0
2014,Uzbekistan,30757700.0
2017,Vanuatu,285510.0
1990,"Venezuela, RB",19632665.0
2000,"Venezuela, RB",24192446.0
2015,"Venezuela, RB",30081829.0
2000,Vietnam,79910412.0
2014,Vietnam,91714595.0
2010,Vietnam,87967651.0
2013,Vietnam,90753472.0
2012,Vietnam,89802487.0
1990,Virgin Islands (U.S.),103963.0
2014,Virgin Islands (U.S.),107884.0
2016,Virgin Islands (U.S.),107510.0
2010,Virgin Islands (U.S.),108358.0
1990,West Bank and Gaza,1978248.0
2011,West Bank and Gaza,3882986.0
2016,"Yemen, Rep.",27168210.0
2010,"Yemen, Rep.",23154855.0
2013,"Yemen, Rep.",25147109.0
2014,Zambia,15399753.0
2011,Zambia,14023193.0
2014,Zimbabwe,13586681.0
2011,Zimbabwe,12894316.0
2012,Zimbabwe,13115131.0
2018,Arab World,419790588.0
2015,Arab World,396028278.0
2011,Arab World,363158703.0
2013,Arab World,379705719.0
2014,Caribbean small states,7173435.0
2017,Caribbean small states,7314990.0
2013,Caribbean small states,7123332.0
1990,Central Europe and the Baltics,110743128.0
2018,Central Europe and the Baltics,102511922.0
2014,Central Europe and the Baltics,103496179.0
2016,Central Europe and the Baltics,102994343.0
2010,Central Europe and the Baltics,104421447.0
2013,Central Europe and the Baltics,103713726.0
2012,Central Europe and the Baltics,103935318.0
2014,East Asia & Pacific,2267482299.0
2016,East Asia & Pacific,2298514046.0
2011,East Asia & Pacific,2221673110.0
2010,East Asia & Pacific (excluding high income),1965964309.0
1990,East Asia & Pacific (IDA & IBRD countries),1584871832.0
2011,East Asia & Pacific (IDA & IBRD countries),1955334267.0
2016,Euro area,340616924.0
2011,Euro area,335419643.0
2010,Euro area,336151479.0
2015,Europe & Central Asia,907498192.0
2010,Europe & Central Asia,888627318.0
2018,Europe & Central Asia (excluding high income),417797257.0
2000,Europe & Central Asia (IDA & IBRD countries),435028415.0
2015,Europe & Central Asia (IDA & IBRD countries),453034345.0
2016,Europe & Central Asia (IDA & IBRD countries),455505650.0
2011,Europe & Central Asia (IDA & IBRD countries),443356614.0
2010,Europe & Central Asia (IDA & IBRD countries),441121359.0
2013,Europe & Central Asia (IDA & IBRD countries),448074081.0
2010,Fragile and conflict affected situations,430002303.0
2013,Fragile and conflict affected situations,461192790.0
2014,Heavily indebted poor countries (HIPC),698336451.0
2017,High income,1204429565.0
2015,IBRD only,4643767826.0
2000,IDA & IBRD total,5066140135.0
2017,IDA & IBRD total,6335039629.0
2016,IDA & IBRD total,6256138021.0
2011,IDA & IBRD total,5869059895.0
2016,IDA blend,531399044.0
2015,IDA only,1014355249.0
2018,IDA total,1640238121.0
2018,Late-demographic dividend,2288665963.0
2015,Late-demographic dividend,2248128427.0
2011,Late-demographic dividend,2194530619.0
2013,Late-demographic dividend,2220999087.0
2015,Latin America & Caribbean,622986033.0
2017,Latin America & Caribbean,635372515.0
2013,Latin America & Caribbean,610151927.0
2000,Latin America & Caribbean (excluding high income),493029013.0
2018,Latin America & Caribbean (excluding high income),609013934.0
2016,Latin America & Caribbean (excluding high income),597399287.0
2011,Latin America & Caribbean (excluding high income),566309408.0
2013,Latin America & Caribbean (excluding high income),579053861.0
2015,Latin America & the Caribbean (IDA & IBRD countries),606956985.0
2010,Latin America & the Caribbean (IDA & IBRD countries),574171371.0
2000,Least developed countries: UN classification,657215864.0
2016,Least developed countries: UN classification,963511276.0
1990,Low & middle income,4277170872.0
2010,Low & middle income,5765121055.0
2012,Low & middle income,5916770281.0
2018,Low income,705417321.0
2016,Low income,670117389.0
1990,Lower middle income,1875358869.0
2015,Lower middle income,2898058449.0
2017,Lower middle income,2981420591.0
1990,Middle East & North Africa,254215138.0
2016,Middle East & North Africa,433597626.0
2011,Middle East & North Africa,393944527.0
2013,Middle East & North Africa,409977874.0
2000,Middle East & North Africa (excluding high income),279279634.0
2015,Middle East & North Africa (excluding high income),363975550.0
2012,Middle East & North Africa (excluding high income),345004009.0
2018,Middle East & North Africa (IDA & IBRD countries),378327628.0
2011,Middle East & North Africa (IDA & IBRD countries),334931821.0
1990,Middle income,3944840237.0
2014,Middle income,5433979884.0
2016,Middle income,5557635482.0
2010,Middle income,5187847044.0
2016,OECD members,1288747101.0
2011,OECD members,1248424526.0
2010,OECD members,1242309585.0
2012,OECD members,1256042703.0
2015,Other small states,28948869.0
2014,Other small states,28364410.0
2011,Other small states,26647962.0
2010,Pacific island small states,2214519.0
2016,Post-demographic dividend,1101992071.0
2013,Post-demographic dividend,1087128029.0
2000,Pre-demographic dividend,550660001.0
2016,Pre-demographic dividend,869943914.0
2013,Pre-demographic dividend,798495530.0
1990,South Asia,1133495196.0
2014,South Asia,1727640967.0
2017,South Asia,1792835608.0
2016,South Asia,1771167194.0
2013,South Asia,1705772050.0
2000,South Asia (IDA & IBRD),1390946064.0
2016,Sub-Saharan Africa,1022526541.0
2013,Sub-Saharan Africa,943041070.0
2015,Sub-Saharan Africa (excluding high income),995365059.0
2014,Sub-Saharan Africa (excluding high income),968868428.0
2013,Sub-Saharan Africa (excluding high income),942951121.0
2011,Sub-Saharan Africa (IDA & IBRD countries),893046172.0
2012,Sub-Saharan Africa (IDA & IBRD countries),917726973.0
1990,Upper middle income,2069481368.0
2018,Upper middle income,2655635719.0
2016,Upper middle income,2617804661.0
2010,Upper middle income,2499410493.0
2018,World,7594270356.0
2010,World,6922947261.0
1990,Afghanistan,12412308.0
2000,Afghanistan,20779953.0
2018,Afghanistan,37172386.0
2017,Albania,2873457.0
2000,Algeria,31042235.0
2012,Algeria,37383887.0
2017,American Samoa,55620.0
2016,American Samoa,55741.0
1990,Andorra,54509.0
2010,Andorra,84449.0
2013,Andorra,80774.0
2012,Andorra,82427.0
2013,Angola,26015780.0
2000,Antigua and Barbuda,76016.0
2017,Antigua and Barbuda,95426.0
2013,Antigua and Barbuda,91516.0
2015,Argentina,43131966.0
2014,Argentina,42669500.0
1990,Australia,17065100.0
2000,Australia,19153000.0
2011,Australia,22340024.0
2015,Austria,8642699.0
2016,Austria,8736668.0
2012,Azerbaijan,9295784.0
2015,"Bahamas, The",374206.0
2014,Bangladesh,154520167.0
2011,Bangladesh,149273778.0
2018,Barbados,286641.0
2013,Barbados,284296.0
2000,Belarus,9979610.0
2018,Belarus,9485386.0
2011,Belarus,9473172.0
2000,Belgium,10251250.0
2015,Belgium,11274196.0
2014,Belgium,11209057.0
2016,Belgium,11331422.0
2000,Belize,247315.0
2018,Belize,383071.0
2010,Belize,322464.0
2013,Belize,345715.0
2012,Belize,338000.0
1990,Benin,4978496.0
2013,Benin,10004588.0
2014,Bermuda,65139.0
2000,Bhutan,591021.0
2011,Bhutan,693298.0
2013,Bhutan,710238.0
1990,Bolivia,6864842.0
2000,Bolivia,8418264.0
2014,Bolivia,10706517.0
2017,Bolivia,11192854.0
2013,Bolivia,10542376.0
2014,Bosnia and Herzegovina,3482104.0
2013,Bosnia and Herzegovina,3542605.0
2015,Brazil,204471769.0
2018,British Virgin Islands,29802.0
2013,British Virgin Islands,28847.0
2018,Brunei Darussalam,428962.0
2015,Brunei Darussalam,414907.0
2011,Brunei Darussalam,393688.0
1990,Bulgaria,8718289.0
2017,Bulgaria,7075947.0
2013,Bulgaria,7265115.0
2017,Burkina Faso,19193284.0
2018,Burundi,11175378.0
2016,Burundi,10487998.0
2011,Burundi,8958406.0
1990,Cabo Verde,337950.0
2010,Cambodia,14312212.0
2000,Cameroon,15513945.0
1990,Canada,27691138.0
2014,Cayman Islands,60848.0
2016,Cayman Islands,62569.0
2011,Cayman Islands,57878.0
2014,Central African Republic,4464175.0
2010,Central African Republic,4386768.0
2017,Chad,15016773.0
2010,Chad,11952136.0
2010,Channel Islands,159734.0
2014,Chile,17758959.0
2013,Chile,17571507.0
2014,China,1364270000.0
2010,China,1337705000.0
2013,China,1357380000.0
1990,Colombia,33102575.0
2018,Colombia,49648685.0
2015,Colombia,47520667.0
2018,Comoros,832322.0
2017,Comoros,813892.0
2018,"Congo, Rep.",5244363.0
2011,"Congo, Rep.",4394844.0
2018,Costa Rica,4999441.0
1990,Croatia,4777368.0
2013,Croatia,4255689.0
2018,Cuba,11338138.0
2015,Curacao,157980.0
2014,Curacao,155909.0
2011,Curacao,150831.0
2010,Curacao,148703.0
1990,Cyprus,766615.0
2016,Cyprus,1170187.0
2018,Czech Republic,10625695.0
2015,Czech Republic,10546059.0
2014,Denmark,5643475.0
2010,Denmark,5547683.0
2013,Denmark,5614932.0
2012,Djibouti,868136.0
2016,Dominica,71307.0
1990,"Egypt, Arab Rep.",56134475.0
2017,"Egypt, Arab Rep.",96442593.0
1990,El Salvador,5270079.0
2017,El Salvador,6388122.0
2012,Equatorial Guinea,1031191.0
2000,Eritrea,2292416.0
2014,Estonia,1314545.0
2010,Estonia,1331475.0
2013,Estonia,1317997.0
2012,Eswatini,1079288.0
2000,Ethiopia,66224804.0
2018,Ethiopia,109224559.0
2010,Ethiopia,87639964.0
2013,Ethiopia,95385785.0
2012,Ethiopia,92726971.0
2015,Faroe Islands,48051.0
2012,Faroe Islands,47843.0
1990,Fiji,728573.0
2017,Fiji,877459.0
2010,Fiji,859818.0
2016,Finland,5495303.0
2010,Finland,5363352.0
1990,France,58235697.0
2014,France,66316100.0
2011,French Polynesia,267698.0
2016,Gabon,2007873.0
2012,Gabon,1749682.0
2015,"Gambia, The",2085860.0
2016,"Gambia, The",2149139.0
2012,Germany,80425823.0
1990,Ghana,14773277.0
2017,Gibraltar,33728.0
2016,Gibraltar,33737.0
2000,Greece,10805808.0
2016,Greece,10775971.0
2011,Greece,11104899.0
2018,Greenland,56025.0
2017,Grenada,110874.0
2011,Grenada,106796.0
1990,Guam,130482.0
2016,Guatemala,16583060.0
2011,Guatemala,14948803.0
2000,Guinea,8240730.0
2018,Guinea,12414318.0
2015,Guinea,11432088.0
2014,Guinea,11150977.0
1990,Guinea-Bissau,975261.0
2015,Guinea-Bissau,1737202.0
2013,Guinea-Bissau,1648257.0
2012,Guinea-Bissau,1604979.0
2000,Guyana,746715.0
2000,Haiti,8463806.0
2015,Haiti,10695542.0
2016,Haiti,10839970.0
2000,Honduras,6574509.0
2014,Honduras,8955589.0
2013,Hungary,9893082.0
2017,Iceland,343400.0
1990,India,873277798.0
2015,Indonesia,258383256.0
2012,Indonesia,248452413.0
2000,Iraq,23497585.0
2017,Ireland,4807388.0
1990,Isle of Man,70298.0
2010,Isle of Man,84857.0
2013,Isle of Man,83976.0
2012,Isle of Man,84533.0
2014,Israel,8215700.0
2016,Israel,8546000.0
2011,Israel,7765800.0
1990,Italy,56719240.0
2015,Italy,60730582.0
2014,Italy,60789140.0
2016,Italy,60627498.0
2018,Jamaica,2934855.0
2011,Jamaica,2825929.0
2012,Jamaica,2842132.0
2013,Japan,127445000.0
2013,Jordan,8520420.0
2015,Kazakhstan,17542806.0
2014,Kazakhstan,17288285.0
2017,Kazakhstan,18037776.0
2013,Kazakhstan,17035550.0
2011,Kenya,43178257.0
1990,Kiribati,72400.0
2013,"Korea, Dem. People’s Rep.",24929452.0
2018,"Korea, Rep.",51635256.0
2015,"Korea, Rep.",51014947.0
2014,Kosovo,1821800.0
2011,Kyrgyz Republic,5514600.0
2013,Kyrgyz Republic,5719600.0
2014,Lao PDR,6639756.0
2011,Lao PDR,6347567.0
2012,Lao PDR,6444530.0
1990,Latvia,2663151.0
2000,Latvia,2367550.0
2011,Latvia,2059709.0
1990,Lebanon,2803044.0
2018,Lebanon,6848925.0
2015,Lebanon,6532678.0
2016,Lebanon,6711121.0
2012,Lebanon,5538634.0
2017,Lesotho,2091412.0
2016,Lesotho,2075001.0
2018,Libya,6678567.0
2016,Liechtenstein,37658.0
1990,Lithuania,3697838.0
2011,Lithuania,3028115.0
2018,Luxembourg,607728.0
2018,"Macao SAR, China",631636.0
2010,"Macao SAR, China",538219.0
1990,Madagascar,11598633.0
2011,Madagascar,21743967.0
1990,Malawi,9404500.0
2000,Malawi,11148758.0
2014,Malaysia,29866559.0
1990,Maldives,223158.0
2012,Maldives,397237.0
2016,Mali,17965429.0
2012,Mali,15979499.0
1990,Malta,354170.0
2000,Malta,390087.0
2014,Malta,434558.0
2018,Marshall Islands,58413.0
2014,Marshall Islands,57179.0
2010,Marshall Islands,56366.0
2013,Marshall Islands,56938.0
1990,Mauritania,2034346.0
2013,Mauritania,3817494.0
2013,Mauritius,1258653.0
2012,Mauritius,1255882.0
2000,Mexico,98899845.0
2018,Mexico,126190788.0
2015,Mexico,121858258.0
2017,"Micronesia, Fed. Sts.",111459.0
2012,"Micronesia, Fed. Sts.",104506.0
2011,Moldova,3559986.0
2010,Moldova,3562045.0
2017,Monaco,38392.0
2016,Monaco,38070.0
2013,Monaco,36901.0
2012,Monaco,36460.0
1990,Mongolia,2184145.0
2014,Mongolia,2940108.0
2011,Mongolia,2770362.0
2012,Mongolia,2824699.0
1990,Montenegro,606372.0
2016,Montenegro,622303.0
2010,Morocco,32343389.0
2013,Mozambique,25560725.0
1990,Myanmar,41335199.0
2015,Myanmar,52680726.0
2016,Myanmar,53045226.0
2013,Myanmar,51852451.0
2015,Namibia,2314904.0
2014,Namibia,2273430.0
2012,Namibia,2194784.0
2011,Nauru,10057.0
2012,Nauru,10279.0
2000,Nepal,23941110.0
2017,Nepal,27627124.0
2011,Nepal,27041437.0
2010,Nepal,27013212.0
2016,New Caledonia,276550.0
2011,New Caledonia,254350.0
2018,New Zealand,4885500.0
2017,New Zealand,4793900.0
2018,Nicaragua,6465513.0
2010,Niger,16464025.0
1990,Nigeria,95212450.0
2015,North Macedonia,2079328.0
2014,North Macedonia,2077775.0
2013,North Macedonia,2076067.0
2014,Northern Mariana Islands,55305.0
2017,Northern Mariana Islands,56562.0
2013,Northern Mariana Islands,54784.0
2018,Norway,5314336.0
2015,Norway,5188607.0
2016,Norway,5234519.0
2012,Oman,3498029.0
2000,Palau,19105.0
2016,Palau,17725.0
2012,Palau,17640.0
2000,Panama,3030328.0
2015,Panama,3968487.0
2016,Panama,4037078.0
2011,Panama,3706483.0
2010,Panama,3642687.0
2017,Papua New Guinea,8438029.0
2013,Papua New Guinea,7788379.0
1990,Paraguay,4223415.0
2011,Paraguay,6333976.0
2010,Peru,29027674.0
2012,Peru,29506788.0
2015,Philippines,102113212.0
2017,Philippines,105173264.0
2014,Poland,38011735.0
2016,Poland,37970087.0
2014,Puerto Rico,3534874.0
2018,Qatar,2781677.0
2015,Qatar,2565710.0
2014,Qatar,2459198.0
2015,Romania,19815481.0
2014,Romania,19908979.0
2016,Russian Federation,144342396.0
2014,Rwanda,11083635.0
1990,Samoa,162803.0
2015,Samoa,193513.0
2000,Sao Tome and Principe,142262.0
2016,Sao Tome and Principe,203227.0
2010,Sao Tome and Principe,180371.0
2013,Sao Tome and Principe,192087.0
2016,Senegal,14993528.0
2011,Senegal,13033809.0
2011,Serbia,7234099.0
2010,Seychelles,89770.0
2018,Sierra Leone,7650154.0
2015,Sierra Leone,7171914.0
2000,Singapore,4027887.0
2011,Singapore,5183688.0
2012,Singapore,5312437.0
2000,Sint Maarten (Dutch part),30519.0
2015,Sint Maarten (Dutch part),38825.0
2014,Sint Maarten (Dutch part),37685.0
2010,Sint Maarten (Dutch part),34056.0
1990,Slovenia,1998161.0
2018,Slovenia,2067372.0
2016,Slovenia,2065042.0
2011,Slovenia,2052843.0
1990,Solomon Islands,311866.0
2014,Solomon Islands,587079.0
2016,Solomon Islands,619437.0
2018,Somalia,15008154.0
2011,Somalia,12376302.0
2018,South Sudan,10975920.0
2013,South Sudan,10355036.0
1990,Spain,38867322.0
2014,Spain,46480882.0
2016,Spain,46483569.0
2011,Spain,46742697.0
2013,Spain,46620045.0
1990,Sri Lanka,17325773.0
2011,Sri Lanka,20398670.0
1990,St. Kitts and Nevis,40259.0
2000,St. Kitts and Nevis,44074.0
2014,St. Kitts and Nevis,50774.0
1990,St. Lucia,138020.0
2015,St. Lucia,179126.0
2014,St. Lucia,178296.0
2011,St. Lucia,175544.0
2015,St. Martin (French part),35858.0
2015,St. Vincent and the Grenadines,109148.0
2014,St. Vincent and the Grenadines,108861.0
2011,St. Vincent and the Grenadines,108316.0
2010,Suriname,529131.0
2000,Sweden,8872109.0
2015,Sweden,9799186.0
2014,Sweden,9696110.0
2017,Sweden,10057698.0
2016,Sweden,9923085.0
2012,Sweden,9519374.0
1990,Switzerland,6715519.0
2000,Switzerland,7184250.0
2015,Switzerland,8282396.0
2010,Switzerland,7824909.0
2017,Syrian Arab Republic,17068002.0
2016,Syrian Arab Republic,17453933.0
2000,Tajikistan,6216341.0
2013,Tajikistan,8059769.0
2017,Tanzania,54663906.0
2015,Thailand,68714511.0
1990,Timor-Leste,737814.0
2000,Timor-Leste,884366.0
2018,Timor-Leste,1267972.0
2012,Timor-Leste,1132994.0
2016,Togo,7509952.0
2018,Tonga,103197.0
1990,Trinidad and Tobago,1221116.0
2000,Trinidad and Tobago,1267153.0
2017,Trinidad and Tobago,1384072.0
1990,Tunisia,8242496.0
2000,Tunisia,9708350.0
2015,Tunisia,11179949.0
2010,Tunisia,10635244.0
2016,Turkey,79821724.0
2015,Turkmenistan,5565287.0
2017,Turkmenistan,5757669.0
2016,Turkmenistan,5662372.0
2010,Turks and Caicos Islands,32660.0
2013,Turks and Caicos Islands,34731.0
2000,Tuvalu,9394.0
2015,Tuvalu,11099.0
2014,Tuvalu,10972.0
2016,Tuvalu,11225.0
1990,Uganda,17354392.0
2015,Uganda,38225453.0
2014,Uganda,36912148.0
2016,Uganda,39647506.0
1990,Ukraine,51892000.0
2018,Ukraine,44622516.0
2014,Ukraine,45271947.0
2017,United Arab Emirates,9487203.0
1990,United Kingdom,57247586.0
2017,United Kingdom,66058859.0
2016,United Kingdom,65595565.0
2018,United States,327167434.0
2000,Uruguay,3319736.0
2012,Uruguay,3378974.0
1990,Vanuatu,146573.0
2016,Vanuatu,278330.0
2010,Vanuatu,236211.0
2013,Vanuatu,256635.0
2017,Vietnam,94596642.0
2016,Vietnam,93638724.0
2000,Virgin Islands (U.S.),108642.0
2018,Virgin Islands (U.S.),106977.0
2017,Virgin Islands (U.S.),107268.0
2000,West Bank and Gaza,2922153.0
2015,West Bank and Gaza,4270092.0
2017,West Bank and Gaza,4454805.0
2010,West Bank and Gaza,3786161.0
2017,"Yemen, Rep.",27834821.0
2012,"Yemen, Rep.",24473178.0
2015,Zambia,15879361.0
2016,Zambia,16363507.0
2010,Zambia,13605984.0
2017,Arab World,411898965.0
2010,Arab World,354890042.0
2000,Central Europe and the Baltics,108447824.0
2015,Central Europe and the Baltics,103257751.0
2017,Central Europe and the Baltics,102738854.0
2017,Early-demographic dividend,3207188541.0
2013,Early-demographic dividend,3037662926.0
1990,East Asia & Pacific,1822193192.0
2000,East Asia & Pacific,2047640119.0
2015,East Asia & Pacific,2282855831.0
2000,East Asia & Pacific (excluding high income),1816466142.0
2018,East Asia & Pacific (IDA & IBRD countries),2056064424.0
1990,Euro area,311262588.0
2018,Euro area,341783171.0
2014,Euro area,338466255.0
1990,Europe & Central Asia,842570541.0
2018,Europe & Central Asia,918793590.0
2011,Europe & Central Asia,890862941.0
2013,Europe & Central Asia,898766094.0
2012,Europe & Central Asia,894486795.0
1990,Europe & Central Asia (excluding high income),385427601.0
2000,Europe & Central Asia (excluding high income),392301484.0
2014,Europe & Central Asia (excluding high income),408278056.0
2012,Europe & Central Asia (IDA & IBRD countries),445596591.0
2018,European Union,513213363.0
2014,European Union,508193856.0
1990,Fragile and conflict affected situations,258210292.0
2011,Heavily indebted poor countries (HIPC),641921311.0
2013,Heavily indebted poor countries (HIPC),679012664.0
1990,High income,1004169206.0
2000,High income,1077839576.0
2014,High income,1184323353.0
2013,High income,1177175241.0
2018,IBRD only,4772284113.0
2012,IBRD only,4510296617.0
1990,IDA & IBRD total,4307407025.0
2015,IDA & IBRD total,6177552865.0
2014,IDA & IBRD total,6099662180.0
2000,IDA blend,366210370.0
2018,IDA blend,555830605.0
2015,IDA blend,519429790.0
2011,IDA blend,473598444.0
1990,IDA only,554867399.0
2014,IDA only,992362842.0
2000,IDA total,1084206014.0
2017,IDA total,1603919436.0
2013,IDA total,1467069396.0
2017,Late-demographic dividend,2276319334.0
2016,Late-demographic dividend,2262158994.0
1990,Latin America & Caribbean,442040696.0
2010,Latin America & Caribbean (excluding high income),559867514.0
2012,Latin America & Caribbean (excluding high income),572713225.0
2000,Latin America & the Caribbean (IDA & IBRD countries),504982243.0
2018,Latin America & the Caribbean (IDA & IBRD countries),625569713.0
2016,Latin America & the Caribbean (IDA & IBRD countries),613258172.0
2013,Least developed countries: UN classification,897797478.0
2012,Least developed countries: UN classification,876869863.0
2018,Low & middle income,6383958209.0
2015,Low & middle income,6149221337.0
2014,Low & middle income,6071330528.0
2010,Low income,577274011.0
2013,Low income,621915808.0
2011,Lower middle income,2730385840.0
2013,Lower middle income,2814221065.0
2000,Middle East & North Africa,315326801.0
2017,Middle East & North Africa,441255234.0
2010,Middle East & North Africa,385917886.0
2000,Middle East & North Africa (IDA & IBRD countries),276357481.0
2014,Middle East & North Africa (IDA & IBRD countries),353463942.0
2013,Middle East & North Africa (IDA & IBRD countries),347222485.0
2012,Middle East & North Africa (IDA & IBRD countries),341024011.0
1990,North America,277373464.0
2000,North America,312909974.0
2018,North America,364290258.0
2010,North America,343396098.0
2000,OECD members,1157244082.0
1990,Other small states,17430779.0
2010,Other small states,26050942.0
2012,Other small states,27227319.0
2012,Pacific island small states,2268708.0
2017,Post-demographic dividend,1106035186.0
1990,Pre-demographic dividend,415057375.0
2018,Pre-demographic dividend,919485393.0
2010,Small states,35238667.0
2000,South Asia,1390946064.0
2015,South Asia,1749417068.0
2011,South Asia,1661534412.0
2015,South Asia (IDA & IBRD),1749417068.0
2010,South Asia (IDA & IBRD),1638792934.0
2000,Sub-Saharan Africa,665327581.0
2010,Sub-Saharan Africa,869025106.0
2000,Sub-Saharan Africa (excluding high income),665246450.0
2012,Sub-Saharan Africa (excluding high income),917638670.0
2017,Sub-Saharan Africa (IDA & IBRD countries),1050153672.0
2013,Upper middle income,2557649560.0
2016,World,7426103221.0
2011,World,7004011262.0
2013,World,7170961674.0
